ref_name,ref_pilot,ref_rate,flight_id,test_pilot,test_rate,pilot_cond,preset,lap_index,n_frames,duration_s,median_err_m,p90_err_m,jump_rate
GromFF_1,Gromozeka,Gromozeka_rate,Grom-S4,Gromozeka,Gromozeka_rate,same_pilot,baseline,13,2307,23.15007710456848,1.4086992525039363,5.168262737860022,0.0
GromFF_1,Gromozeka,Gromozeka_rate,Grom-S4,Gromozeka,Gromozeka_rate,same_pilot,baseline,14,2625,26.3830509185791,2.2932495473125982,12.976644704130608,0.08419047619047619
GromFF_1,Gromozeka,Gromozeka_rate,Grom-S4,Gromozeka,Gromozeka_rate,same_pilot,baseline,15,2334,23.44292402267456,1.670970668083143,6.952712516888712,0.0
GromFF_1,Gromozeka,Gromozeka_rate,Grom-S4,Gromozeka,Gromozeka_rate,same_pilot,angular_scaled,13,2307,23.15007710456848,1.5838531543615488,6.826084497788273,0.0
GromFF_1,Gromozeka,Gromozeka_rate,Grom-S4,Gromozeka,Gromozeka_rate,same_pilot,angular_scaled,14,2625,26.3830509185791,2.9473884029573867,28.01686811886291,0.16876190476190475
GromFF_1,Gromozeka,Gromozeka_rate,Grom-S4,Gromozeka,Gromozeka_rate,same_pilot,angular_scaled,15,2334,23.44292402267456,2.0963016770600618,9.734507881654114,0.029991431019708654
GromFF_1,Gromozeka,Gromozeka_rate,Grom-S4,Gromozeka,Gromozeka_rate,same_pilot,no_thr,13,2307,23.15007710456848,1.6623083682963227,5.4506580366271535,0.0
GromFF_1,Gromozeka,Gromozeka_rate,Grom-S4,Gromozeka,Gromozeka_rate,same_pilot,no_thr,14,2625,26.3830509185791,3.1266806811771772,33.00472403361728,0.2140952380952381
GromFF_1,Gromozeka,Gromozeka_rate,Grom-S4,Gromozeka,Gromozeka_rate,same_pilot,no_thr,15,2334,23.44292402267456,2.161285474225096,9.655531613812862,0.018851756640959727
GromFF_1,Gromozeka,Gromozeka_rate,Red-S2,RedSeep,RedSheep_rate,cross_pilot,baseline,6,1803,18.10832190513611,50.62901776390564,138.28732584038323,0.5640599001663894
GromFF_1,Gromozeka,Gromozeka_rate,Red-S2,RedSeep,RedSheep_rate,cross_pilot,baseline,7,1726,17.334311962127686,15.340879532818867,101.34087707587432,0.5052143684820394
GromFF_1,Gromozeka,Gromozeka_rate,Red-S2,RedSeep,RedSheep_rate,cross_pilot,baseline,8,1719,17.250370025634766,43.067496900017375,119.5941870993311,0.670738801628854
GromFF_1,Gromozeka,Gromozeka_rate,Red-S2,RedSeep,RedSheep_rate,cross_pilot,angular_scaled,6,1803,18.10832190513611,4.808424142883169,128.54073797610593,0.310038824181919
GromFF_1,Gromozeka,Gromozeka_rate,Red-S2,RedSeep,RedSheep_rate,cross_pilot,angular_scaled,7,1726,17.334311962127686,3.8752824437672437,116.32615994247921,0.313441483198146
GromFF_1,Gromozeka,Gromozeka_rate,Red-S2,RedSeep,RedSheep_rate,cross_pilot,angular_scaled,8,1719,17.250370025634766,4.483167354691346,67.5325700452913,0.2961023851076207
GromFF_1,Gromozeka,Gromozeka_rate,Red-S2,RedSeep,RedSheep_rate,cross_pilot,no_thr,6,1803,18.10832190513611,5.1862032903515995,119.48590957403374,0.3971159179145868
GromFF_1,Gromozeka,Gromozeka_rate,Red-S2,RedSeep,RedSheep_rate,cross_pilot,no_thr,7,1726,17.334311962127686,4.465209508215207,126.06360879826016,0.3348783314020857
GromFF_1,Gromozeka,Gromozeka_rate,Red-S2,RedSeep,RedSheep_rate,cross_pilot,no_thr,8,1719,17.250370025634766,4.025560245390011,58.9825948420284,0.19546247818499127
GromFF_1,Gromozeka,Gromozeka_rate,Plat-S27,PlatOnAir,PlatOnAir_rate,cross_pilot,baseline,5,1669,16.767875909805298,12.203799295272159,83.68157407833455,0.4122228879568604
GromFF_1,Gromozeka,Gromozeka_rate,Plat-S27,PlatOnAir,PlatOnAir_rate,cross_pilot,baseline,6,1622,16.26730513572693,44.63459964610787,127.40151809783073,0.7268803945745993
GromFF_1,Gromozeka,Gromozeka_rate,Plat-S27,PlatOnAir,PlatOnAir_rate,cross_pilot,baseline,7,1615,16.196600914001465,16.7266837115656,100.44728447963433,0.5139318885448917
GromFF_1,Gromozeka,Gromozeka_rate,Plat-S27,PlatOnAir,PlatOnAir_rate,cross_pilot,angular_scaled,5,1669,16.767875909805298,2.551319521666329,12.52805748974339,0.0689035350509287
GromFF_1,Gromozeka,Gromozeka_rate,Plat-S27,PlatOnAir,PlatOnAir_rate,cross_pilot,angular_scaled,6,1622,16.26730513572693,2.451700517173382,8.798758314239942,0.03945745992601726
GromFF_1,Gromozeka,Gromozeka_rate,Plat-S27,PlatOnAir,PlatOnAir_rate,cross_pilot,angular_scaled,7,1615,16.196600914001465,2.597982590911144,31.91881501596369,0.265015479876161
GromFF_1,Gromozeka,Gromozeka_rate,Plat-S27,PlatOnAir,PlatOnAir_rate,cross_pilot,no_thr,5,1669,16.767875909805298,6.928009198697334,102.82091683060887,0.408627920910725
GromFF_1,Gromozeka,Gromozeka_rate,Plat-S27,PlatOnAir,PlatOnAir_rate,cross_pilot,no_thr,6,1622,16.26730513572693,3.896256313050543,120.27201367706832,0.3477188655980271
GromFF_1,Gromozeka,Gromozeka_rate,Plat-S27,PlatOnAir,PlatOnAir_rate,cross_pilot,no_thr,7,1615,16.196600914001465,9.024572596378036,103.28934244640382,0.43653250773993807
RedSeep_S2,RedSeep,RedSheep_rate,Grom-S4,Gromozeka,Gromozeka_rate,cross_pilot,baseline,13,2307,23.15007710456848,7.0648609238511995,93.72251380951299,0.36064152579107067
RedSeep_S2,RedSeep,RedSheep_rate,Grom-S4,Gromozeka,Gromozeka_rate,cross_pilot,baseline,14,2625,26.3830509185791,22.070243293501107,83.50483409882919,0.5836190476190476
RedSeep_S2,RedSeep,RedSheep_rate,Grom-S4,Gromozeka,Gromozeka_rate,cross_pilot,baseline,15,2334,23.44292402267456,28.265603914465487,107.21848432255935,0.6251071122536418
RedSeep_S2,RedSeep,RedSheep_rate,Grom-S4,Gromozeka,Gromozeka_rate,cross_pilot,angular_scaled,13,2307,23.15007710456848,5.445850154887296,45.43721710307134,0.23233636757693976
RedSeep_S2,RedSeep,RedSheep_rate,Grom-S4,Gromozeka,Gromozeka_rate,cross_pilot,angular_scaled,14,2625,26.3830509185791,12.350205755042055,103.2060468563657,0.4777142857142857
RedSeep_S2,RedSeep,RedSheep_rate,Grom-S4,Gromozeka,Gromozeka_rate,cross_pilot,angular_scaled,15,2334,23.44292402267456,5.408779910624176,24.83198032337025,0.21936589545844046
RedSeep_S2,RedSeep,RedSheep_rate,Grom-S4,Gromozeka,Gromozeka_rate,cross_pilot,no_thr,13,2307,23.15007710456848,5.697777025251156,100.87649140554703,0.3736454269614218
RedSeep_S2,RedSeep,RedSheep_rate,Grom-S4,Gromozeka,Gromozeka_rate,cross_pilot,no_thr,14,2625,26.3830509185791,7.055342093623153,94.89787888399779,0.4076190476190476
RedSeep_S2,RedSeep,RedSheep_rate,Grom-S4,Gromozeka,Gromozeka_rate,cross_pilot,no_thr,15,2334,23.44292402267456,9.989243819983813,105.88992889620536,0.41773778920308485
RedSeep_S2,RedSeep,RedSheep_rate,Red-S2,RedSeep,RedSheep_rate,same_pilot,baseline,6,1803,18.10832190513611,2.0110397237806836,15.290784156805366,0.10205213533000555
RedSeep_S2,RedSeep,RedSheep_rate,Red-S2,RedSeep,RedSheep_rate,same_pilot,baseline,7,1726,17.334311962127686,2.095450289091204,18.020396405965556,0.11761297798377753
RedSeep_S2,RedSeep,RedSheep_rate,Red-S2,RedSeep,RedSheep_rate,same_pilot,baseline,8,1719,17.250370025634766,2.460857765396284,23.354199903437852,0.1303083187899942
RedSeep_S2,RedSeep,RedSheep_rate,Red-S2,RedSeep,RedSheep_rate,same_pilot,angular_scaled,6,1803,18.10832190513611,2.7209266749294727,12.075676916414317,0.04991680532445923
RedSeep_S2,RedSeep,RedSheep_rate,Red-S2,RedSeep,RedSheep_rate,same_pilot,angular_scaled,7,1726,17.334311962127686,2.1111073408257965,21.246715422574653,0.14889918887601392
RedSeep_S2,RedSeep,RedSheep_rate,Red-S2,RedSeep,RedSheep_rate,same_pilot,angular_scaled,8,1719,17.250370025634766,2.8222104781751653,10.297151867270715,0.027341477603257707
RedSeep_S2,RedSeep,RedSheep_rate,Red-S2,RedSeep,RedSheep_rate,same_pilot,no_thr,6,1803,18.10832190513611,2.4168914333173177,10.453702876623577,0.026622296173044926
RedSeep_S2,RedSeep,RedSheep_rate,Red-S2,RedSeep,RedSheep_rate,same_pilot,no_thr,7,1726,17.334311962127686,2.0114619280583668,18.663947913527224,0.12746234067207415
RedSeep_S2,RedSeep,RedSheep_rate,Red-S2,RedSeep,RedSheep_rate,same_pilot,no_thr,8,1719,17.250370025634766,2.7212487363810283,11.106946213392387,0.0535194880744619
RedSeep_S2,RedSeep,RedSheep_rate,Plat-S27,PlatOnAir,PlatOnAir_rate,cross_pilot,baseline,5,1669,16.767875909805298,7.068355818783772,77.09625909746585,0.3181545835829838
RedSeep_S2,RedSeep,RedSheep_rate,Plat-S27,PlatOnAir,PlatOnAir_rate,cross_pilot,baseline,6,1622,16.26730513572693,8.73850645203333,94.76635476393876,0.41676942046855736
RedSeep_S2,RedSeep,RedSheep_rate,Plat-S27,PlatOnAir,PlatOnAir_rate,cross_pilot,baseline,7,1615,16.196600914001465,8.898330471967427,112.47324755384932,0.44272445820433437
RedSeep_S2,RedSeep,RedSheep_rate,Plat-S27,PlatOnAir,PlatOnAir_rate,cross_pilot,angular_scaled,5,1669,16.767875909805298,3.4601035640869497,69.55897296196638,0.29358897543439183
RedSeep_S2,RedSeep,RedSheep_rate,Plat-S27,PlatOnAir,PlatOnAir_rate,cross_pilot,angular_scaled,6,1622,16.26730513572693,5.680719233129619,49.6125328385264,0.29408138101109743
RedSeep_S2,RedSeep,RedSheep_rate,Plat-S27,PlatOnAir,PlatOnAir_rate,cross_pilot,angular_scaled,7,1615,16.196600914001465,5.128841182028022,62.705530247987426,0.3281733746130031
RedSeep_S2,RedSeep,RedSheep_rate,Plat-S27,PlatOnAir,PlatOnAir_rate,cross_pilot,no_thr,5,1669,16.767875909805298,3.3709754413198496,65.5359214512027,0.3211503894547633
RedSeep_S2,RedSeep,RedSheep_rate,Plat-S27,PlatOnAir,PlatOnAir_rate,cross_pilot,no_thr,6,1622,16.26730513572693,4.422304345943424,68.09281867371583,0.2903822441430333
RedSeep_S2,RedSeep,RedSheep_rate,Plat-S27,PlatOnAir,PlatOnAir_rate,cross_pilot,no_thr,7,1615,16.196600914001465,8.983593690799125,95.09656869032578,0.4321981424148607
PlatOnAir_1,PlatOnAir,PlatOnAir_rate,Grom-S4,Gromozeka,Gromozeka_rate,cross_pilot,baseline,13,2307,23.15007710456848,38.87185594744261,96.9804898478946,0.6770697876029476
PlatOnAir_1,PlatOnAir,PlatOnAir_rate,Grom-S4,Gromozeka,Gromozeka_rate,cross_pilot,baseline,14,2625,26.3830509185791,41.68253947708902,117.91513461143316,0.6548571428571428
PlatOnAir_1,PlatOnAir,PlatOnAir_rate,Grom-S4,Gromozeka,Gromozeka_rate,cross_pilot,baseline,15,2334,23.44292402267456,39.2187961544335,90.03960283424092,0.68337617823479
PlatOnAir_1,PlatOnAir,PlatOnAir_rate,Grom-S4,Gromozeka,Gromozeka_rate,cross_pilot,angular_scaled,13,2307,23.15007710456848,4.806579857455063,34.728158660930596,0.15604681404421328
PlatOnAir_1,PlatOnAir,PlatOnAir_rate,Grom-S4,Gromozeka,Gromozeka_rate,cross_pilot,angular_scaled,14,2625,26.3830509185791,6.6510209162437945,45.50786324266831,0.3314285714285714
PlatOnAir_1,PlatOnAir,PlatOnAir_rate,Grom-S4,Gromozeka,Gromozeka_rate,cross_pilot,angular_scaled,15,2334,23.44292402267456,6.392817920771634,46.61819578656907,0.24378748928877464
PlatOnAir_1,PlatOnAir,PlatOnAir_rate,Grom-S4,Gromozeka,Gromozeka_rate,cross_pilot,no_thr,13,2307,23.15007710456848,6.242874177304145,75.2159320440066,0.21499783268313827
PlatOnAir_1,PlatOnAir,PlatOnAir_rate,Grom-S4,Gromozeka,Gromozeka_rate,cross_pilot,no_thr,14,2625,26.3830509185791,47.51283079005333,105.2530993843769,0.6502857142857142
PlatOnAir_1,PlatOnAir,PlatOnAir_rate,Grom-S4,Gromozeka,Gromozeka_rate,cross_pilot,no_thr,15,2334,23.44292402267456,12.170133255231733,88.27767330738557,0.4665809768637532
PlatOnAir_1,PlatOnAir,PlatOnAir_rate,Red-S2,RedSeep,RedSheep_rate,cross_pilot,baseline,6,1803,18.10832190513611,8.020618868244725,112.5685296572835,0.3349972268441486
PlatOnAir_1,PlatOnAir,PlatOnAir_rate,Red-S2,RedSeep,RedSheep_rate,cross_pilot,baseline,7,1726,17.334311962127686,7.664096025289774,106.75811326569723,0.3783314020857474
PlatOnAir_1,PlatOnAir,PlatOnAir_rate,Red-S2,RedSeep,RedSheep_rate,cross_pilot,baseline,8,1719,17.250370025634766,16.100034649179236,125.34926648879133,0.5171611401977894
PlatOnAir_1,PlatOnAir,PlatOnAir_rate,Red-S2,RedSeep,RedSheep_rate,cross_pilot,angular_scaled,6,1803,18.10832190513611,6.821349618154414,109.51234692474888,0.32224070992789794
PlatOnAir_1,PlatOnAir,PlatOnAir_rate,Red-S2,RedSeep,RedSheep_rate,cross_pilot,angular_scaled,7,1726,17.334311962127686,10.583797334265432,116.34864460782919,0.4246813441483198
PlatOnAir_1,PlatOnAir,PlatOnAir_rate,Red-S2,RedSeep,RedSheep_rate,cross_pilot,angular_scaled,8,1719,17.250370025634766,7.103690443880161,122.12720633199503,0.33507853403141363
PlatOnAir_1,PlatOnAir,PlatOnAir_rate,Red-S2,RedSeep,RedSheep_rate,cross_pilot,no_thr,6,1803,18.10832190513611,6.436747843145255,113.13940275443035,0.2878535773710483
PlatOnAir_1,PlatOnAir,PlatOnAir_rate,Red-S2,RedSeep,RedSheep_rate,cross_pilot,no_thr,7,1726,17.334311962127686,14.025462427257182,114.81719490376237,0.49710312862108924
PlatOnAir_1,PlatOnAir,PlatOnAir_rate,Red-S2,RedSeep,RedSheep_rate,cross_pilot,no_thr,8,1719,17.250370025634766,8.264637634086931,96.853959945467,0.34554973821989526
PlatOnAir_1,PlatOnAir,PlatOnAir_rate,Plat-S27,PlatOnAir,PlatOnAir_rate,same_pilot,baseline,5,1669,16.767875909805298,0.7469377796464727,4.17330175318441,0.0
PlatOnAir_1,PlatOnAir,PlatOnAir_rate,Plat-S27,PlatOnAir,PlatOnAir_rate,same_pilot,baseline,6,1622,16.26730513572693,1.9904428356638455,7.6814018399630655,0.03329223181257707
PlatOnAir_1,PlatOnAir,PlatOnAir_rate,Plat-S27,PlatOnAir,PlatOnAir_rate,same_pilot,baseline,7,1615,16.196600914001465,1.8397715308366003,11.37667460051623,0.08297213622291022
PlatOnAir_1,PlatOnAir,PlatOnAir_rate,Plat-S27,PlatOnAir,PlatOnAir_rate,same_pilot,angular_scaled,5,1669,16.767875909805298,1.264119338428742,5.919015178091445,0.0
PlatOnAir_1,PlatOnAir,PlatOnAir_rate,Plat-S27,PlatOnAir,PlatOnAir_rate,same_pilot,angular_scaled,6,1622,16.26730513572693,2.075847584131946,8.704721751491824,0.03514180024660912
PlatOnAir_1,PlatOnAir,PlatOnAir_rate,Plat-S27,PlatOnAir,PlatOnAir_rate,same_pilot,angular_scaled,7,1615,16.196600914001465,1.8056739930403438,8.535454108717742,0.0
PlatOnAir_1,PlatOnAir,PlatOnAir_rate,Plat-S27,PlatOnAir,PlatOnAir_rate,same_pilot,no_thr,5,1669,16.767875909805298,0.9391494969934513,4.578183505550692,0.0
PlatOnAir_1,PlatOnAir,PlatOnAir_rate,Plat-S27,PlatOnAir,PlatOnAir_rate,same_pilot,no_thr,6,1622,16.26730513572693,2.059416546508153,7.242630437143885,0.01911220715166461
PlatOnAir_1,PlatOnAir,PlatOnAir_rate,Plat-S27,PlatOnAir,PlatOnAir_rate,same_pilot,no_thr,7,1615,16.196600914001465,1.4987861065603454,7.583684569852546,0.0
