ref_source,ref_drone,flight_id,test_drone,drone_cond,lap_selection,n_laps,smooth_w,p90_err_m,median_err_m,jump_rate,n_test_laps
LO_ref,LiftOff_200,1,MadTrainer,cross_drone,fastest,1,1,43.94959779509569,2.4481074736288875,0.18773675509033638,3
LO_ref,LiftOff_200,1,MadTrainer,cross_drone,fastest,1,3,18.802446736351538,2.152303563592568,0.12884169853138336,3
LO_ref,LiftOff_200,1,MadTrainer,cross_drone,fastest,1,5,30.82152226968655,2.2659067643217767,0.1419624495596016,3
LO_ref,LiftOff_200,1,MadTrainer,cross_drone,fastest,1,9,22.67840236594302,2.3487170684764274,0.10717195670451228,3
LO_ref,LiftOff_200,1,MadTrainer,cross_drone,fastest,1,15,20.068325902778955,2.647699577609709,0.12994440543648111,3
LO_ref,LiftOff_200,1,MadTrainer,cross_drone,fastest,3,1,9.194687459425523,1.743743700458218,0.045514594887037775,3
LO_ref,LiftOff_200,1,MadTrainer,cross_drone,fastest,3,3,8.773569418242172,1.71740313438661,0.05072599138188061,3
LO_ref,LiftOff_200,1,MadTrainer,cross_drone,fastest,3,5,9.498887592166982,1.9563183719309098,0.055951445736160045,3
LO_ref,LiftOff_200,1,MadTrainer,cross_drone,fastest,3,9,14.395909785457599,2.03397139438619,0.07592483544756402,3
LO_ref,LiftOff_200,1,MadTrainer,cross_drone,fastest,3,15,12.541318537833524,2.202963610698692,0.07306879167433838,3
LO_ref,LiftOff_200,1,MadTrainer,cross_drone,fastest,5,1,7.347669882811016,1.446137068865113,0.03339154378574229,3
LO_ref,LiftOff_200,1,MadTrainer,cross_drone,fastest,5,3,15.035825729020933,1.673124844982392,0.0769696464493462,3
LO_ref,LiftOff_200,1,MadTrainer,cross_drone,fastest,5,5,12.686699285849116,1.6826708760969022,0.06270657196440167,3
LO_ref,LiftOff_200,1,MadTrainer,cross_drone,fastest,5,9,25.16162956453437,1.8326265826604669,0.07495082276322769,3
LO_ref,LiftOff_200,1,MadTrainer,cross_drone,fastest,5,15,7.878307844642603,1.8374845038713516,0.031155890489099707,3
LO_ref,LiftOff_200,1,MadTrainer,cross_drone,manual_best,1,1,35.475740937431304,2.4759386771652223,0.1741794702138044,3
LO_ref,LiftOff_200,1,MadTrainer,cross_drone,manual_best,1,3,20.03021932691992,2.4114589505775563,0.13182595227655017,3
LO_ref,LiftOff_200,1,MadTrainer,cross_drone,manual_best,1,5,21.111218510253288,2.6979450197295485,0.14159867553239772,3
LO_ref,LiftOff_200,1,MadTrainer,cross_drone,manual_best,1,9,28.021692077630536,2.8532434540575338,0.15913893979411572,3
LO_ref,LiftOff_200,1,MadTrainer,cross_drone,manual_best,1,15,20.321262239357683,2.943313544161718,0.14307158037933437,3
LO_ref,LiftOff_200,1,MadTrainer,cross_drone,manual_best,3,1,18.91963726512793,2.14740451135359,0.07958690399451178,3
LO_ref,LiftOff_200,1,MadTrainer,cross_drone,manual_best,3,3,22.709408509158425,2.113394978230288,0.06413146379290897,3
LO_ref,LiftOff_200,1,MadTrainer,cross_drone,manual_best,3,5,10.240085281214464,2.1716128560979038,0.0542933099939309,3
LO_ref,LiftOff_200,1,MadTrainer,cross_drone,manual_best,3,9,33.98221702705694,2.5142414351827633,0.07957976464554008,3
LO_ref,LiftOff_200,1,MadTrainer,cross_drone,manual_best,3,15,10.91092070534203,2.402953559335946,0.05816152924826564,3
LO_ref,LiftOff_200,1,MadTrainer,cross_drone,manual_best,5,1,6.992189181437253,1.6872890274793615,0.034686629046107566,3
LO_ref,LiftOff_200,1,MadTrainer,cross_drone,manual_best,5,3,8.545337713087944,1.8062096878686127,0.04284193072739928,3
LO_ref,LiftOff_200,1,MadTrainer,cross_drone,manual_best,5,5,7.002975054653362,1.6716381779473803,0.03296469596607187,3
LO_ref,LiftOff_200,1,MadTrainer,cross_drone,manual_best,5,9,7.551554013136241,1.876105241279286,0.026850976700898824,3
LO_ref,LiftOff_200,1,MadTrainer,cross_drone,manual_best,5,15,9.938409957494025,2.189447908226954,0.05939320360532881,3
LO_ref,LiftOff_200,1,MadTrainer,cross_drone,median_time,1,1,9.725337498355119,1.9144534504625514,0.04594321963024247,3
LO_ref,LiftOff_200,1,MadTrainer,cross_drone,median_time,1,3,10.64798242243971,1.9391663606120872,0.04688676707917972,3
LO_ref,LiftOff_200,1,MadTrainer,cross_drone,median_time,1,5,9.402677416860985,2.0712073495735197,0.03398994221943427,3
LO_ref,LiftOff_200,1,MadTrainer,cross_drone,median_time,1,9,9.46851476973284,2.014179468270592,0.03771928991677893,3
LO_ref,LiftOff_200,1,MadTrainer,cross_drone,median_time,1,15,9.937779195583799,2.2490377526443033,0.044769331392968785,3
LO_ref,LiftOff_200,1,MadTrainer,cross_drone,median_time,3,1,10.958022779548072,1.4978373984138262,0.051628290257633457,3
LO_ref,LiftOff_200,1,MadTrainer,cross_drone,median_time,3,3,13.767674657246266,1.5450578022976948,0.06338254819902302,3
LO_ref,LiftOff_200,1,MadTrainer,cross_drone,median_time,3,5,9.47375993159416,1.470292727107567,0.04809076954270311,3
LO_ref,LiftOff_200,1,MadTrainer,cross_drone,median_time,3,9,8.436265267309322,1.5704266549730146,0.03350539149448417,3
LO_ref,LiftOff_200,1,MadTrainer,cross_drone,median_time,3,15,9.999614312044462,1.904278466187563,0.042422434896517515,3
LO_ref,LiftOff_200,1,MadTrainer,cross_drone,median_time,5,1,6.992189181437285,1.6872890274794206,0.034686629046107566,3
LO_ref,LiftOff_200,1,MadTrainer,cross_drone,median_time,5,3,8.545337713088253,1.8062096878686411,0.04284193072739928,3
LO_ref,LiftOff_200,1,MadTrainer,cross_drone,median_time,5,5,7.002975054653611,1.6716381779473555,0.03296469596607187,3
LO_ref,LiftOff_200,1,MadTrainer,cross_drone,median_time,5,9,7.551554013136503,1.8761052412793309,0.026850976700898824,3
LO_ref,LiftOff_200,1,MadTrainer,cross_drone,median_time,5,15,9.938409957494299,2.1894479082272738,0.05939320360532881,3
LO_ref,LiftOff_200,2,MadTrainer,cross_drone,fastest,1,1,19.169078537863466,3.294832842712637,0.11256203137937593,3
LO_ref,LiftOff_200,2,MadTrainer,cross_drone,fastest,1,3,34.42864999437982,3.032620535259312,0.16385043260934337,3
LO_ref,LiftOff_200,2,MadTrainer,cross_drone,fastest,1,5,26.652147949987228,3.805898461323904,0.13433520692613043,3
LO_ref,LiftOff_200,2,MadTrainer,cross_drone,fastest,1,9,27.808026191237897,3.0964834509730963,0.13544508106737646,3
LO_ref,LiftOff_200,2,MadTrainer,cross_drone,fastest,1,15,29.531947857671017,2.9020632823608614,0.13932383301979198,3
LO_ref,LiftOff_200,2,MadTrainer,cross_drone,fastest,3,1,13.399201857697207,2.128975438057058,0.06154271850937646,3
LO_ref,LiftOff_200,2,MadTrainer,cross_drone,fastest,3,3,16.088286867275183,2.3446815896285216,0.07566041809191294,3
LO_ref,LiftOff_200,2,MadTrainer,cross_drone,fastest,3,5,16.353042458906685,2.0230451947123016,0.05316913533049728,3
LO_ref,LiftOff_200,2,MadTrainer,cross_drone,fastest,3,9,12.712339333676807,2.212998038997616,0.058778360679119034,3
LO_ref,LiftOff_200,2,MadTrainer,cross_drone,fastest,3,15,13.301846168090057,2.638647621791035,0.061541739212879205,3
LO_ref,LiftOff_200,2,MadTrainer,cross_drone,fastest,5,1,6.712242591857873,1.6985906926853076,0.022812039570386577,3
LO_ref,LiftOff_200,2,MadTrainer,cross_drone,fastest,5,3,6.6542351077049835,1.9355256926582847,0.029010905190957798,3
LO_ref,LiftOff_200,2,MadTrainer,cross_drone,fastest,5,5,6.627510913273368,1.8881684805491215,0.02321575374075396,3
LO_ref,LiftOff_200,2,MadTrainer,cross_drone,fastest,5,9,6.345787521313459,1.8234473006198613,0.019185083816196907,3
LO_ref,LiftOff_200,2,MadTrainer,cross_drone,fastest,5,15,8.729083257379994,2.1498060936344765,0.04148348988108833,3
LO_ref,LiftOff_200,2,MadTrainer,cross_drone,manual_best,1,1,35.13163235564826,2.8449271074455376,0.1620782474443003,3
LO_ref,LiftOff_200,2,MadTrainer,cross_drone,manual_best,1,3,21.732158363885457,3.084461746954266,0.15841352556689908,3
LO_ref,LiftOff_200,2,MadTrainer,cross_drone,manual_best,1,5,55.874754617399354,3.3117451260853272,0.20471267277375563,3
LO_ref,LiftOff_200,2,MadTrainer,cross_drone,manual_best,1,9,19.485512925474435,3.221746378688446,0.15158362054848343,3
LO_ref,LiftOff_200,2,MadTrainer,cross_drone,manual_best,1,15,25.80682963584208,3.0964547405258016,0.16039788339230598,3
LO_ref,LiftOff_200,2,MadTrainer,cross_drone,manual_best,3,1,24.33730842782678,2.2863036882119303,0.08715112566906486,3
LO_ref,LiftOff_200,2,MadTrainer,cross_drone,manual_best,3,3,13.747870375566222,2.0995443545228625,0.051798682756197784,3
LO_ref,LiftOff_200,2,MadTrainer,cross_drone,manual_best,3,5,16.11839461587591,2.3330571351387968,0.07633726936693332,3
LO_ref,LiftOff_200,2,MadTrainer,cross_drone,manual_best,3,9,14.009366281676245,2.467558185688278,0.08175832579636715,3
LO_ref,LiftOff_200,2,MadTrainer,cross_drone,manual_best,3,15,41.24664087510077,2.667532657641511,0.08411115109024297,3
LO_ref,LiftOff_200,2,MadTrainer,cross_drone,manual_best,5,1,6.878920076244342,2.0661526667978856,0.007063929371653909,3
LO_ref,LiftOff_200,2,MadTrainer,cross_drone,manual_best,5,3,8.65334628932199,2.1351367425025103,0.03397498181236292,3
LO_ref,LiftOff_200,2,MadTrainer,cross_drone,manual_best,5,5,7.997559873837107,2.118160379117595,0.04481747879370884,3
LO_ref,LiftOff_200,2,MadTrainer,cross_drone,manual_best,5,9,6.993561395447777,2.1089049991139697,0.021665273830485176,3
LO_ref,LiftOff_200,2,MadTrainer,cross_drone,manual_best,5,15,8.402870775799345,2.3242848667720892,0.03990774025084514,3
LO_ref,LiftOff_200,2,MadTrainer,cross_drone,median_time,1,1,9.413190357193324,2.5343664430791697,0.06746326472792714,3
LO_ref,LiftOff_200,2,MadTrainer,cross_drone,median_time,1,3,10.226308378507595,2.7472220532805665,0.05839433927592341,3
LO_ref,LiftOff_200,2,MadTrainer,cross_drone,median_time,1,5,10.77538363886398,2.806324760688893,0.06294422290127673,3
LO_ref,LiftOff_200,2,MadTrainer,cross_drone,median_time,1,9,9.757994516750959,2.8664151530478734,0.046785651471135475,3
LO_ref,LiftOff_200,2,MadTrainer,cross_drone,median_time,1,15,10.424918500624493,2.9087445774587253,0.06394666734728899,3
LO_ref,LiftOff_200,2,MadTrainer,cross_drone,median_time,3,1,7.2616052508323925,1.5821077549385703,0.035669752140500374,3
LO_ref,LiftOff_200,2,MadTrainer,cross_drone,median_time,3,3,6.86711199470378,1.5780047398990575,0.021048830735716662,3
LO_ref,LiftOff_200,2,MadTrainer,cross_drone,median_time,3,5,7.6016948439198195,1.5978048652228647,0.03605287029101641,3
LO_ref,LiftOff_200,2,MadTrainer,cross_drone,median_time,3,9,7.39306128701126,1.6623799899059055,0.03684141894688744,3
LO_ref,LiftOff_200,2,MadTrainer,cross_drone,median_time,3,15,7.199524937390979,1.7660368199340628,0.044046485953946245,3
LO_ref,LiftOff_200,2,MadTrainer,cross_drone,median_time,5,1,6.87892007624459,2.0661526667973362,0.007063929371653909,3
LO_ref,LiftOff_200,2,MadTrainer,cross_drone,median_time,5,3,8.653346289322362,2.135136742502965,0.03397498181236292,3
LO_ref,LiftOff_200,2,MadTrainer,cross_drone,median_time,5,5,7.997559873837337,2.1181603791178376,0.04481747879370884,3
LO_ref,LiftOff_200,2,MadTrainer,cross_drone,median_time,5,9,6.993561395448212,2.10890499911414,0.021665273830485176,3
LO_ref,LiftOff_200,2,MadTrainer,cross_drone,median_time,5,15,8.40287077579981,2.3242848667724396,0.03990774025084514,3
LO_ref,LiftOff_200,4,LiftOff_200,same_drone,fastest,1,1,11.29511292760543,1.8348295326123747,0.06460442059089117,3
LO_ref,LiftOff_200,4,LiftOff_200,same_drone,fastest,1,3,13.147597811472053,1.993785345235163,0.0850420498517604,3
LO_ref,LiftOff_200,4,LiftOff_200,same_drone,fastest,1,5,14.15262397661069,2.231855444347327,0.08699558932705585,3
LO_ref,LiftOff_200,4,LiftOff_200,same_drone,fastest,1,9,22.670074046283286,2.3955469420564253,0.10891506752381187,3
LO_ref,LiftOff_200,4,LiftOff_200,same_drone,fastest,1,15,14.484909107557613,2.44595344909859,0.08867046235353714,3
LO_ref,LiftOff_200,4,LiftOff_200,same_drone,fastest,3,1,8.394261258396511,1.7971386814679882,0.03667766364595151,3
LO_ref,LiftOff_200,4,LiftOff_200,same_drone,fastest,3,3,6.391299623371158,1.6582909268937531,0.02331382636030689,3
LO_ref,LiftOff_200,4,LiftOff_200,same_drone,fastest,3,5,7.490128534416677,1.69086557416932,0.03823587467539291,3
LO_ref,LiftOff_200,4,LiftOff_200,same_drone,fastest,3,9,6.896427785393193,1.9120430515809137,0.02677941277957768,3
LO_ref,LiftOff_200,4,LiftOff_200,same_drone,fastest,3,15,7.642375594878014,2.0907845123251954,0.020176875542598147,3
LO_ref,LiftOff_200,4,LiftOff_200,same_drone,fastest,5,1,5.7476492947399676,1.5679340388230638,0.018373757082919478,3
LO_ref,LiftOff_200,4,LiftOff_200,same_drone,fastest,5,3,6.533434251690046,1.5764997483950012,0.03399462711757551,3
LO_ref,LiftOff_200,4,LiftOff_200,same_drone,fastest,5,5,6.340029678543535,1.5651720985589346,0.0321827954843302,3
LO_ref,LiftOff_200,4,LiftOff_200,same_drone,fastest,5,9,7.162895681821767,1.6682870458819832,0.03323477501736029,3
LO_ref,LiftOff_200,4,LiftOff_200,same_drone,fastest,5,15,7.075721941891071,1.881700786097009,0.02829342642642182,3
LO_ref,LiftOff_200,4,LiftOff_200,same_drone,manual_best,1,1,30.080569624124717,2.6714240091936605,0.18809513801247005,3
LO_ref,LiftOff_200,4,LiftOff_200,same_drone,manual_best,1,3,15.348439028720748,2.032150652947626,0.12598397058347274,3
LO_ref,LiftOff_200,4,LiftOff_200,same_drone,manual_best,1,5,22.57045148664177,2.3419868669200574,0.142260973262725,3
LO_ref,LiftOff_200,4,LiftOff_200,same_drone,manual_best,1,9,13.032849731759752,2.2549779188922514,0.09918963756788997,3
LO_ref,LiftOff_200,4,LiftOff_200,same_drone,manual_best,1,15,16.473914845272454,2.5543516667108803,0.10718909116238594,3
LO_ref,LiftOff_200,4,LiftOff_200,same_drone,manual_best,3,1,44.85205292839699,2.0629068871131744,0.12513791229074414,3
LO_ref,LiftOff_200,4,LiftOff_200,same_drone,manual_best,3,3,33.75059701194754,2.060502371322208,0.09942182442829388,3
LO_ref,LiftOff_200,4,LiftOff_200,same_drone,manual_best,3,5,30.701809875027134,2.3376386224350427,0.12735790753848816,3
LO_ref,LiftOff_200,4,LiftOff_200,same_drone,manual_best,3,9,17.29989388274676,2.2335482907757034,0.09505094841485705,3
LO_ref,LiftOff_200,4,LiftOff_200,same_drone,manual_best,3,15,67.27378775661826,2.773407976246683,0.1639630975120093,3
LO_ref,LiftOff_200,4,LiftOff_200,same_drone,manual_best,5,1,30.31323127414635,1.9326750996730648,0.09266765036983594,3
LO_ref,LiftOff_200,4,LiftOff_200,same_drone,manual_best,5,3,15.14847083881716,1.8291932123133066,0.06308252008286869,3
LO_ref,LiftOff_200,4,LiftOff_200,same_drone,manual_best,5,5,18.6496192241149,1.9444891158092144,0.09798276563009818,3
LO_ref,LiftOff_200,4,LiftOff_200,same_drone,manual_best,5,9,55.17706625607345,2.2597471137670517,0.14329643397757444,3
LO_ref,LiftOff_200,4,LiftOff_200,same_drone,manual_best,5,15,14.533908231306436,2.12446268731212,0.0806116390434089,3
LO_ref,LiftOff_200,4,LiftOff_200,same_drone,median_time,1,1,11.353076164629085,2.0184666597593712,0.06291368987755999,3
LO_ref,LiftOff_200,4,LiftOff_200,same_drone,median_time,1,3,12.625808794978122,1.975135771763817,0.06606609270639749,3
LO_ref,LiftOff_200,4,LiftOff_200,same_drone,median_time,1,5,9.23051389735459,1.836093828491955,0.039871757746258105,3
LO_ref,LiftOff_200,4,LiftOff_200,same_drone,median_time,1,9,11.130058126461394,2.053921021308572,0.05371152928946077,3
LO_ref,LiftOff_200,4,LiftOff_200,same_drone,median_time,1,15,10.52510328012877,2.2801899163527466,0.047321569081827906,3
LO_ref,LiftOff_200,4,LiftOff_200,same_drone,median_time,3,1,7.043734638286118,1.5467564553138449,0.02993776344956371,3
LO_ref,LiftOff_200,4,LiftOff_200,same_drone,median_time,3,3,7.600074897826633,1.5690468285492425,0.03243916991996102,3
LO_ref,LiftOff_200,4,LiftOff_200,same_drone,median_time,3,5,7.060603721362855,1.513398222358764,0.020694052345018563,3
LO_ref,LiftOff_200,4,LiftOff_200,same_drone,median_time,3,9,7.141870058823931,1.6476201906574452,0.020041975745207583,3
LO_ref,LiftOff_200,4,LiftOff_200,same_drone,median_time,3,15,6.433485872632528,1.7900446064165234,0.017588477175581298,3
LO_ref,LiftOff_200,4,LiftOff_200,same_drone,median_time,5,1,30.313231274146574,1.9326750996730127,0.09266765036983594,3
LO_ref,LiftOff_200,4,LiftOff_200,same_drone,median_time,5,3,15.148470838817326,1.8291932123134487,0.06308252008286869,3
LO_ref,LiftOff_200,4,LiftOff_200,same_drone,median_time,5,5,18.649619224115096,1.9444891158092996,0.09798276563009818,3
LO_ref,LiftOff_200,4,LiftOff_200,same_drone,median_time,5,9,55.17706625607351,2.259747113767162,0.14329643397757444,3
LO_ref,LiftOff_200,4,LiftOff_200,same_drone,median_time,5,15,14.53390823130673,2.124462687312281,0.0806116390434089,3
MT_ref,MadTrainer,2,MadTrainer,same_drone,fastest,1,1,8.840448734203367,2.3894670089320917,0.04087530309615638,3
MT_ref,MadTrainer,2,MadTrainer,same_drone,fastest,1,3,9.72947614904114,2.4777116138374757,0.048292992107778154,3
MT_ref,MadTrainer,2,MadTrainer,same_drone,fastest,1,5,9.477078191520532,2.3787912853049846,0.04509417277461614,3
MT_ref,MadTrainer,2,MadTrainer,same_drone,fastest,1,9,9.908512207383009,2.565494690218936,0.042481696381597094,3
MT_ref,MadTrainer,2,MadTrainer,same_drone,fastest,1,15,9.326812904916654,2.753988025251419,0.03854716288119279,3
MT_ref,MadTrainer,2,MadTrainer,same_drone,fastest,3,1,6.340480297514817,1.5738345234238607,0.013451331470300401,3
MT_ref,MadTrainer,2,MadTrainer,same_drone,fastest,3,3,6.468163972131035,1.5963092915589054,0.019139901789186006,3
MT_ref,MadTrainer,2,MadTrainer,same_drone,fastest,3,5,6.574367397510521,1.6695164736241186,0.005647542035682198,3
MT_ref,MadTrainer,2,MadTrainer,same_drone,fastest,3,9,6.656108575683253,1.7012243131092621,0.00479858953665917,3
MT_ref,MadTrainer,2,MadTrainer,same_drone,fastest,3,15,7.9006057889234045,1.9133654699016727,0.018696392249190445,3
MT_ref,MadTrainer,2,MadTrainer,same_drone,fastest,5,1,6.044575439325562,1.5283074810296189,0.012751885536545396,3
MT_ref,MadTrainer,2,MadTrainer,same_drone,fastest,5,3,6.15995249127056,1.6454912638330559,0.008500523772230265,3
MT_ref,MadTrainer,2,MadTrainer,same_drone,fastest,5,5,6.5127438384886505,1.5179455418398209,0.01633897202518629,3
MT_ref,MadTrainer,2,MadTrainer,same_drone,fastest,5,9,6.414438023042905,1.6653484130382452,0.005843422669533307,3
MT_ref,MadTrainer,2,MadTrainer,same_drone,fastest,5,15,7.096100165101629,1.875981214397349,0.017381605401660425,3
MT_ref,MadTrainer,2,MadTrainer,same_drone,manual_best,1,1,8.840448734203367,2.3894670089320917,0.04087530309615638,3
MT_ref,MadTrainer,2,MadTrainer,same_drone,manual_best,1,3,9.72947614904114,2.4777116138374757,0.048292992107778154,3
MT_ref,MadTrainer,2,MadTrainer,same_drone,manual_best,1,5,9.477078191520532,2.3787912853049846,0.04509417277461614,3
MT_ref,MadTrainer,2,MadTrainer,same_drone,manual_best,1,9,9.908512207383009,2.565494690218936,0.042481696381597094,3
MT_ref,MadTrainer,2,MadTrainer,same_drone,manual_best,1,15,9.326812904916654,2.753988025251419,0.03854716288119279,3
MT_ref,MadTrainer,2,MadTrainer,same_drone,manual_best,3,1,6.545292110491775,1.7868794108847414,0.008791134948985617,3
MT_ref,MadTrainer,2,MadTrainer,same_drone,manual_best,3,3,6.470589394349623,1.8104642733829763,0.009607144964658436,3
MT_ref,MadTrainer,2,MadTrainer,same_drone,manual_best,3,5,6.972594020832189,1.8176465426491717,0.017820129693192435,3
MT_ref,MadTrainer,2,MadTrainer,same_drone,manual_best,3,9,7.082791218306686,1.9010773921498771,0.017750824510189275,3
MT_ref,MadTrainer,2,MadTrainer,same_drone,manual_best,3,15,7.240599080561295,2.013273880727899,0.011405327676992273,3
MT_ref,MadTrainer,2,MadTrainer,same_drone,manual_best,5,1,6.0445754393261275,1.528307481028719,0.012751885536545396,3
MT_ref,MadTrainer,2,MadTrainer,same_drone,manual_best,5,3,6.159952491271166,1.6454912638330939,0.008500523772230265,3
MT_ref,MadTrainer,2,MadTrainer,same_drone,manual_best,5,5,6.512743838489338,1.5179455418401357,0.01633897202518629,3
MT_ref,MadTrainer,2,MadTrainer,same_drone,manual_best,5,9,6.41443802304348,1.6653484130381078,0.005843422669533307,3
MT_ref,MadTrainer,2,MadTrainer,same_drone,manual_best,5,15,7.096100165102357,1.8759812143979957,0.017381605401660425,3
MT_ref,MadTrainer,2,MadTrainer,same_drone,median_time,1,1,6.548267802719724,1.6386114601358865,0.007499954812117904,3
MT_ref,MadTrainer,2,MadTrainer,same_drone,median_time,1,3,6.8755999552102915,1.7141593039687137,0.007903668982485285,3
MT_ref,MadTrainer,2,MadTrainer,same_drone,median_time,1,5,6.576718638492989,1.658688104636468,0.008695650308331535,3
MT_ref,MadTrainer,2,MadTrainer,same_drone,median_time,1,9,7.3208889399334085,1.8416376264116348,0.008743707687984674,3
MT_ref,MadTrainer,2,MadTrainer,same_drone,median_time,1,15,7.539055597237568,2.0936425736916555,0.007751934242486704,3
MT_ref,MadTrainer,2,MadTrainer,same_drone,median_time,3,1,6.340480297514657,1.5738345234235915,0.013451331470300401,3
MT_ref,MadTrainer,2,MadTrainer,same_drone,median_time,3,3,6.46816397213085,1.5963092915587491,0.019139901789186006,3
MT_ref,MadTrainer,2,MadTrainer,same_drone,median_time,3,5,6.574367397510205,1.6695164736243413,0.005647542035682198,3
MT_ref,MadTrainer,2,MadTrainer,same_drone,median_time,3,9,6.656108575682971,1.701224313109023,0.00479858953665917,3
MT_ref,MadTrainer,2,MadTrainer,same_drone,median_time,3,15,7.900605788923143,1.9133654699013765,0.018696392249190445,3
MT_ref,MadTrainer,2,MadTrainer,same_drone,median_time,5,1,6.044575439325865,1.5283074810291548,0.012751885536545396,3
MT_ref,MadTrainer,2,MadTrainer,same_drone,median_time,5,3,6.159952491270883,1.645491263833075,0.008500523772230265,3
MT_ref,MadTrainer,2,MadTrainer,same_drone,median_time,5,5,6.512743838488999,1.5179455418400043,0.01633897202518629,3
MT_ref,MadTrainer,2,MadTrainer,same_drone,median_time,5,9,6.414438023043228,1.665348413038193,0.005843422669533307,3
MT_ref,MadTrainer,2,MadTrainer,same_drone,median_time,5,15,7.096100165102009,1.8759812143977161,0.017381605401660425,3
MT_ref,MadTrainer,3,LiftOff_200,cross_drone,fastest,1,1,7.878919388444001,1.860002127125669,0.005949851253718657,3
MT_ref,MadTrainer,3,LiftOff_200,cross_drone,fastest,1,3,8.278960755233836,2.02853300317062,0.014534186236724062,3
MT_ref,MadTrainer,3,LiftOff_200,cross_drone,fastest,1,5,8.123953943737629,2.0665137530533664,0.0165917498944775,3
MT_ref,MadTrainer,3,LiftOff_200,cross_drone,fastest,1,9,8.022320027569215,2.13186050828161,0.00524153562827596,3
MT_ref,MadTrainer,3,LiftOff_200,cross_drone,fastest,1,15,8.433169325321058,2.296527223175796,0.0035415781272134864,3
MT_ref,MadTrainer,3,LiftOff_200,cross_drone,fastest,3,1,6.816303049868224,1.5865919811375673,0.002552933246171924,3
MT_ref,MadTrainer,3,LiftOff_200,cross_drone,fastest,3,3,7.180734022450435,1.68906059785175,0.009552104413767854,3
MT_ref,MadTrainer,3,LiftOff_200,cross_drone,fastest,3,5,8.454430095029236,1.7147270293510626,0.024329437544166194,3
MT_ref,MadTrainer,3,LiftOff_200,cross_drone,fastest,3,9,8.33452557059091,1.849709490957224,0.02209258734925609,3
MT_ref,MadTrainer,3,LiftOff_200,cross_drone,fastest,3,15,7.94318037197933,2.003675142871051,0.007669796738778478,3
MT_ref,MadTrainer,3,LiftOff_200,cross_drone,fastest,5,1,8.481132324337088,1.695860276421847,0.04143184266875204,3
MT_ref,MadTrainer,3,LiftOff_200,cross_drone,fastest,5,3,7.70956569381988,1.6795882434466638,0.02963417385780707,3
MT_ref,MadTrainer,3,LiftOff_200,cross_drone,fastest,5,5,7.204827335096225,1.681861707143734,0.006254442075337597,3
MT_ref,MadTrainer,3,LiftOff_200,cross_drone,fastest,5,9,9.408099687915621,1.8781210745259358,0.03534274471851779,3
MT_ref,MadTrainer,3,LiftOff_200,cross_drone,fastest,5,15,15.834733440528865,2.267358968220441,0.07341430181374108,3
MT_ref,MadTrainer,3,LiftOff_200,cross_drone,manual_best,1,1,7.878919388444001,1.860002127125669,0.005949851253718657,3
MT_ref,MadTrainer,3,LiftOff_200,cross_drone,manual_best,1,3,8.278960755233836,2.02853300317062,0.014534186236724062,3
MT_ref,MadTrainer,3,LiftOff_200,cross_drone,manual_best,1,5,8.123953943737629,2.0665137530533664,0.0165917498944775,3
MT_ref,MadTrainer,3,LiftOff_200,cross_drone,manual_best,1,9,8.022320027569215,2.13186050828161,0.00524153562827596,3
MT_ref,MadTrainer,3,LiftOff_200,cross_drone,manual_best,1,15,8.433169325321058,2.296527223175796,0.0035415781272134864,3
MT_ref,MadTrainer,3,LiftOff_200,cross_drone,manual_best,3,1,8.790983524914616,1.9261484528893955,0.04211357757989242,3
MT_ref,MadTrainer,3,LiftOff_200,cross_drone,manual_best,3,3,7.4513486337990225,1.828454872900797,0.021961167388725732,3
MT_ref,MadTrainer,3,LiftOff_200,cross_drone,manual_best,3,5,8.08511239694173,1.902638494776011,0.037019987790994635,3
MT_ref,MadTrainer,3,LiftOff_200,cross_drone,manual_best,3,9,9.124774911449526,2.129514453657123,0.04651576674335808,3
MT_ref,MadTrainer,3,LiftOff_200,cross_drone,manual_best,3,15,9.557867882515728,2.2723081049211493,0.051924579639595715,3
MT_ref,MadTrainer,3,LiftOff_200,cross_drone,manual_best,5,1,8.481132324337795,1.6958602764218658,0.04143184266875204,3
MT_ref,MadTrainer,3,LiftOff_200,cross_drone,manual_best,5,3,7.70956569382063,1.67958824344601,0.02963417385780707,3
MT_ref,MadTrainer,3,LiftOff_200,cross_drone,manual_best,5,5,7.204827335096868,1.6818617071438762,0.006254442075337597,3
MT_ref,MadTrainer,3,LiftOff_200,cross_drone,manual_best,5,9,9.40809968791626,1.878121074526523,0.03534274471851779,3
MT_ref,MadTrainer,3,LiftOff_200,cross_drone,manual_best,5,15,15.834733440529213,2.2673589682209987,0.07341430181374108,3
MT_ref,MadTrainer,3,LiftOff_200,cross_drone,median_time,1,1,8.265577323165951,1.5461910365536824,0.023019019407244032,3
MT_ref,MadTrainer,3,LiftOff_200,cross_drone,median_time,1,3,6.848449857833522,1.5633663580470625,0.007379047933183333,3
MT_ref,MadTrainer,3,LiftOff_200,cross_drone,median_time,1,5,8.624730749070386,1.6060359815278662,0.01791044776119403,3
MT_ref,MadTrainer,3,LiftOff_200,cross_drone,median_time,1,9,7.578352249419169,1.6433408921757031,0.0028380953589166665,3
MT_ref,MadTrainer,3,LiftOff_200,cross_drone,median_time,1,15,8.448755486789741,1.8026977354094385,0.01719826585003463,3
MT_ref,MadTrainer,3,LiftOff_200,cross_drone,median_time,3,1,6.816303049867919,1.5865919811375235,0.002552933246171924,3
MT_ref,MadTrainer,3,LiftOff_200,cross_drone,median_time,3,3,7.180734022450128,1.6890605978514277,0.009552104413767854,3
MT_ref,MadTrainer,3,LiftOff_200,cross_drone,median_time,3,5,8.454430095029142,1.714727029351053,0.024329437544166194,3
MT_ref,MadTrainer,3,LiftOff_200,cross_drone,median_time,3,9,8.33452557059059,1.8497094909573424,0.02209258734925609,3
MT_ref,MadTrainer,3,LiftOff_200,cross_drone,median_time,3,15,7.94318037197895,2.0036751428707382,0.007669796738778478,3
MT_ref,MadTrainer,3,LiftOff_200,cross_drone,median_time,5,1,8.481132324337466,1.695860276421861,0.04143184266875204,3
MT_ref,MadTrainer,3,LiftOff_200,cross_drone,median_time,5,3,7.709565693820255,1.679588243446318,0.02963417385780707,3
MT_ref,MadTrainer,3,LiftOff_200,cross_drone,median_time,5,5,7.204827335096565,1.6818617071438335,0.006254442075337597,3
MT_ref,MadTrainer,3,LiftOff_200,cross_drone,median_time,5,9,9.408099687915955,1.878121074526291,0.03534274471851779,3
MT_ref,MadTrainer,3,LiftOff_200,cross_drone,median_time,5,15,15.834733440529016,2.2673589682207975,0.07341430181374108,3
MT_ref,MadTrainer,4,LiftOff_200,cross_drone,fastest,1,1,7.328528457031087,1.936044932330777,0.01168268941447942,3
MT_ref,MadTrainer,4,LiftOff_200,cross_drone,fastest,1,3,7.638305616234438,1.8882617608144916,0.010628203770321165,3
MT_ref,MadTrainer,4,LiftOff_200,cross_drone,fastest,1,5,7.5274878077967555,2.005868308625516,0.008129622781451637,3
MT_ref,MadTrainer,4,LiftOff_200,cross_drone,fastest,1,9,7.748783597200693,2.217495362266096,0.018517984368641528,3
MT_ref,MadTrainer,4,LiftOff_200,cross_drone,fastest,1,15,7.93599579534266,2.405012262731335,0.008854279917593449,3
MT_ref,MadTrainer,4,LiftOff_200,cross_drone,fastest,3,1,8.70154476653781,1.869347840753908,0.02226006576226938,3
MT_ref,MadTrainer,4,LiftOff_200,cross_drone,fastest,3,3,8.669279387106064,1.7758219099110188,0.018062912488829096,3
MT_ref,MadTrainer,4,LiftOff_200,cross_drone,fastest,3,5,7.271408578331136,1.6586176936524335,0.018901790850524618,3
MT_ref,MadTrainer,4,LiftOff_200,cross_drone,fastest,3,9,7.273243218525713,1.7539685559693499,0.008724488316419341,3
MT_ref,MadTrainer,4,LiftOff_200,cross_drone,fastest,3,15,8.669310297060937,1.990148469702132,0.020348978531189364,3
MT_ref,MadTrainer,4,LiftOff_200,cross_drone,fastest,5,1,6.715111387215973,1.6928958872993836,0.009565555352571137,3
MT_ref,MadTrainer,4,LiftOff_200,cross_drone,fastest,5,3,6.725976364479801,1.73383634309666,0.008406033282439778,3
MT_ref,MadTrainer,4,LiftOff_200,cross_drone,fastest,5,5,6.811821781026597,1.8861818895129332,0.016379852364496777,3
MT_ref,MadTrainer,4,LiftOff_200,cross_drone,fastest,5,9,6.6366421761349015,1.7832224172743054,0.002312743037591861,3
MT_ref,MadTrainer,4,LiftOff_200,cross_drone,fastest,5,15,7.643485438037993,2.1578944775736013,0.021248973680626743,3
MT_ref,MadTrainer,4,LiftOff_200,cross_drone,manual_best,1,1,7.328528457031087,1.936044932330777,0.01168268941447942,3
MT_ref,MadTrainer,4,LiftOff_200,cross_drone,manual_best,1,3,7.638305616234438,1.8882617608144916,0.010628203770321165,3
MT_ref,MadTrainer,4,LiftOff_200,cross_drone,manual_best,1,5,7.5274878077967555,2.005868308625516,0.008129622781451637,3
MT_ref,MadTrainer,4,LiftOff_200,cross_drone,manual_best,1,9,7.748783597200693,2.217495362266096,0.018517984368641528,3
MT_ref,MadTrainer,4,LiftOff_200,cross_drone,manual_best,1,15,7.93599579534266,2.405012262731335,0.008854279917593449,3
MT_ref,MadTrainer,4,LiftOff_200,cross_drone,manual_best,3,1,6.766145714151424,1.7821647079858824,0.007242545340300155,3
MT_ref,MadTrainer,4,LiftOff_200,cross_drone,manual_best,3,3,7.008925029860392,1.7900525559695122,0.020218783086246712,3
MT_ref,MadTrainer,4,LiftOff_200,cross_drone,manual_best,3,5,7.1223263644683925,1.8493067859907815,0.02140291570910047,3
MT_ref,MadTrainer,4,LiftOff_200,cross_drone,manual_best,3,9,7.512758991001415,1.933038583890531,0.024551300149955782,3
MT_ref,MadTrainer,4,LiftOff_200,cross_drone,manual_best,3,15,7.171388196639318,1.9721540699823474,0.007933407124138958,3
MT_ref,MadTrainer,4,LiftOff_200,cross_drone,manual_best,5,1,6.715111387216592,1.6928958872997129,0.009565555352571137,3
MT_ref,MadTrainer,4,LiftOff_200,cross_drone,manual_best,5,3,6.725976364480384,1.7338363430966883,0.008406033282439778,3
MT_ref,MadTrainer,4,LiftOff_200,cross_drone,manual_best,5,5,6.811821781027223,1.886181889513331,0.016379852364496777,3
MT_ref,MadTrainer,4,LiftOff_200,cross_drone,manual_best,5,9,6.636642176135088,1.7832224172744695,0.002312743037591861,3
MT_ref,MadTrainer,4,LiftOff_200,cross_drone,manual_best,5,15,7.643485438038713,2.1578944775738313,0.021248973680626743,3
MT_ref,MadTrainer,4,LiftOff_200,cross_drone,median_time,1,1,9.912238519818123,1.7621180196389474,0.03916671756543357,3
MT_ref,MadTrainer,4,LiftOff_200,cross_drone,median_time,1,3,20.98747362563412,1.7090279130994297,0.08094935400550311,3
MT_ref,MadTrainer,4,LiftOff_200,cross_drone,median_time,1,5,12.225939689450707,1.6463704159111756,0.06425585975710285,3
MT_ref,MadTrainer,4,LiftOff_200,cross_drone,median_time,1,9,8.04804080179773,1.726506876874981,0.023621138949824826,3
MT_ref,MadTrainer,4,LiftOff_200,cross_drone,median_time,1,15,14.62532173295754,1.9906422872551275,0.0597373920770325,3
MT_ref,MadTrainer,4,LiftOff_200,cross_drone,median_time,3,1,8.701544766537515,1.8693478407538962,0.02226006576226938,3
MT_ref,MadTrainer,4,LiftOff_200,cross_drone,median_time,3,3,8.669279387105872,1.775821909911097,0.018062912488829096,3
MT_ref,MadTrainer,4,LiftOff_200,cross_drone,median_time,3,5,7.271408578330953,1.658617693652238,0.018901790850524618,3
MT_ref,MadTrainer,4,LiftOff_200,cross_drone,median_time,3,9,7.273243218525477,1.7539685559692064,0.008724488316419341,3
MT_ref,MadTrainer,4,LiftOff_200,cross_drone,median_time,3,15,8.66931029706066,1.990148469701855,0.020348978531189364,3
MT_ref,MadTrainer,4,LiftOff_200,cross_drone,median_time,5,1,6.715111387216306,1.6928958872995565,0.009565555352571137,3
MT_ref,MadTrainer,4,LiftOff_200,cross_drone,median_time,5,3,6.725976364480143,1.7338363430966564,0.008406033282439778,3
MT_ref,MadTrainer,4,LiftOff_200,cross_drone,median_time,5,5,6.811821781026924,1.886181889513144,0.016379852364496777,3
MT_ref,MadTrainer,4,LiftOff_200,cross_drone,median_time,5,9,6.636642176135024,1.7832224172744144,0.002312743037591861,3
MT_ref,MadTrainer,4,LiftOff_200,cross_drone,median_time,5,15,7.643485438038382,2.157894477573732,0.021248973680626743,3
