flight_id,drone,rate,drone_cond,mode,preset,obs_sigma,lap_index,n_frames,duration_s,median_err_m,p90_err_m,jump_rate
1,MadTrainer,Gromozeka_rate,same_drone,LF+Rate,baseline,1.0,2,2480,24.78,1.83,17.525,0.121
1,MadTrainer,Gromozeka_rate,same_drone,LF+Rate,baseline,1.0,3,2536,25.37,2.353,49.575,0.2386
1,MadTrainer,Gromozeka_rate,same_drone,LF+Rate,baseline,1.0,4,2455,24.54,0.509,2.864,0.0
1,MadTrainer,Gromozeka_rate,same_drone,LF+Rate,baseline,1.5,2,2480,24.78,1.936,9.605,0.0492
1,MadTrainer,Gromozeka_rate,same_drone,LF+Rate,baseline,1.5,3,2536,25.37,2.241,17.234,0.1313
1,MadTrainer,Gromozeka_rate,same_drone,LF+Rate,baseline,1.5,4,2455,24.54,0.697,5.998,0.0077
1,MadTrainer,Gromozeka_rate,same_drone,LF+Rate,no_thr,1.0,2,2480,24.78,2.537,101.969,0.2399
1,MadTrainer,Gromozeka_rate,same_drone,LF+Rate,no_thr,1.0,3,2536,25.37,3.146,62.251,0.2591
1,MadTrainer,Gromozeka_rate,same_drone,LF+Rate,no_thr,1.0,4,2455,24.54,0.647,3.651,0.0077
1,MadTrainer,Gromozeka_rate,same_drone,LF+Rate,no_thr,1.5,2,2480,24.78,2.436,31.62,0.1871
1,MadTrainer,Gromozeka_rate,same_drone,LF+Rate,no_thr,1.5,3,2536,25.37,2.13,21.955,0.1353
1,MadTrainer,Gromozeka_rate,same_drone,LF+Rate,no_thr,1.5,4,2455,24.54,1.006,9.136,0.013
1,MadTrainer,Gromozeka_rate,same_drone,LF+Rate,Thr+R,1.0,2,2480,24.78,3.376,45.317,0.2129
1,MadTrainer,Gromozeka_rate,same_drone,LF+Rate,Thr+R,1.0,3,2536,25.37,8.506,80.849,0.4326
1,MadTrainer,Gromozeka_rate,same_drone,LF+Rate,Thr+R,1.0,4,2455,24.54,0.56,2.506,0.0016
1,MadTrainer,Gromozeka_rate,same_drone,LF+Rate,Thr+R,1.5,2,2480,24.78,3.275,47.599,0.1879
1,MadTrainer,Gromozeka_rate,same_drone,LF+Rate,Thr+R,1.5,3,2536,25.37,3.104,35.655,0.2106
1,MadTrainer,Gromozeka_rate,same_drone,LF+Rate,Thr+R,1.5,4,2455,24.54,0.754,3.682,0.0033
1,MadTrainer,Gromozeka_rate,same_drone,LF+Rate,Y+P+2R,1.0,2,2480,24.78,2.488,39.897,0.2077
1,MadTrainer,Gromozeka_rate,same_drone,LF+Rate,Y+P+2R,1.0,3,2536,25.37,3.145,91.845,0.2859
1,MadTrainer,Gromozeka_rate,same_drone,LF+Rate,Y+P+2R,1.0,4,2455,24.54,0.622,3.448,0.0081
1,MadTrainer,Gromozeka_rate,same_drone,LF+Rate,Y+P+2R,1.5,2,2480,24.78,2.291,42.211,0.2133
1,MadTrainer,Gromozeka_rate,same_drone,LF+Rate,Y+P+2R,1.5,3,2536,25.37,2.986,36.961,0.2311
1,MadTrainer,Gromozeka_rate,same_drone,LF+Rate,Y+P+2R,1.5,4,2455,24.54,0.838,5.636,0.0024
1,MadTrainer,Gromozeka_rate,same_drone,LF+Rate,R+Y_only,1.0,2,2480,24.78,2.647,91.189,0.2419
1,MadTrainer,Gromozeka_rate,same_drone,LF+Rate,R+Y_only,1.0,3,2536,25.37,2.858,63.677,0.2859
1,MadTrainer,Gromozeka_rate,same_drone,LF+Rate,R+Y_only,1.0,4,2455,24.54,0.705,3.414,0.0037
1,MadTrainer,Gromozeka_rate,same_drone,LF+Rate,R+Y_only,1.5,2,2480,24.78,2.159,27.646,0.1681
1,MadTrainer,Gromozeka_rate,same_drone,LF+Rate,R+Y_only,1.5,3,2536,25.37,2.852,32.161,0.1976
1,MadTrainer,Gromozeka_rate,same_drone,LF+Rate,R+Y_only,1.5,4,2455,24.54,0.841,4.413,0.0049
1,MadTrainer,Gromozeka_rate,same_drone,LF+Rate,Thr+P+R,1.0,2,2480,24.78,2.9,23.824,0.146
1,MadTrainer,Gromozeka_rate,same_drone,LF+Rate,Thr+P+R,1.0,3,2536,25.37,4.949,90.118,0.3636
1,MadTrainer,Gromozeka_rate,same_drone,LF+Rate,Thr+P+R,1.0,4,2455,24.54,0.488,2.518,0.0061
1,MadTrainer,Gromozeka_rate,same_drone,LF+Rate,Thr+P+R,1.5,2,2480,24.78,2.441,9.772,0.0488
1,MadTrainer,Gromozeka_rate,same_drone,LF+Rate,Thr+P+R,1.5,3,2536,25.37,2.555,29.64,0.1901
1,MadTrainer,Gromozeka_rate,same_drone,LF+Rate,Thr+P+R,1.5,4,2455,24.54,0.734,5.962,0.0041
1,MadTrainer,Gromozeka_rate,same_drone,LF+Rate,Thr+R+Y,1.0,2,2480,24.78,3.058,99.695,0.2185
1,MadTrainer,Gromozeka_rate,same_drone,LF+Rate,Thr+R+Y,1.0,3,2536,25.37,2.638,73.121,0.2922
1,MadTrainer,Gromozeka_rate,same_drone,LF+Rate,Thr+R+Y,1.0,4,2455,24.54,0.503,2.591,0.0
1,MadTrainer,Gromozeka_rate,same_drone,LF+Rate,Thr+R+Y,1.5,2,2480,24.78,1.566,7.632,0.0565
1,MadTrainer,Gromozeka_rate,same_drone,LF+Rate,Thr+R+Y,1.5,3,2536,25.37,1.923,15.495,0.1104
1,MadTrainer,Gromozeka_rate,same_drone,LF+Rate,Thr+R+Y,1.5,4,2455,24.54,0.641,3.485,0.0
1,MadTrainer,Gromozeka_rate,same_drone,LF+Rate,soft_thr,1.0,2,2480,24.78,2.528,116.389,0.2419
1,MadTrainer,Gromozeka_rate,same_drone,LF+Rate,soft_thr,1.0,3,2536,25.37,2.571,30.986,0.1719
1,MadTrainer,Gromozeka_rate,same_drone,LF+Rate,soft_thr,1.0,4,2455,24.54,0.586,3.219,0.0
1,MadTrainer,Gromozeka_rate,same_drone,LF+Rate,soft_thr,1.5,2,2480,24.78,1.521,15.079,0.1004
1,MadTrainer,Gromozeka_rate,same_drone,LF+Rate,soft_thr,1.5,3,2536,25.37,2.02,21.629,0.1238
1,MadTrainer,Gromozeka_rate,same_drone,LF+Rate,soft_thr,1.5,4,2455,24.54,0.82,5.406,0.0012
1,MadTrainer,Gromozeka_rate,same_drone,LF+Rate,angular_scaled,1.0,2,2480,24.78,2.466,41.792,0.2161
1,MadTrainer,Gromozeka_rate,same_drone,LF+Rate,angular_scaled,1.0,3,2536,25.37,2.651,32.253,0.2023
1,MadTrainer,Gromozeka_rate,same_drone,LF+Rate,angular_scaled,1.0,4,2455,24.54,0.795,5.237,0.0118
1,MadTrainer,Gromozeka_rate,same_drone,LF+Rate,angular_scaled,1.5,2,2480,24.78,1.762,14.09,0.098
1,MadTrainer,Gromozeka_rate,same_drone,LF+Rate,angular_scaled,1.5,3,2536,25.37,2.241,24.607,0.1447
1,MadTrainer,Gromozeka_rate,same_drone,LF+Rate,angular_scaled,1.5,4,2455,24.54,1.121,10.766,0.0163
1,MadTrainer,Gromozeka_rate,same_drone,LF+Rate,P+R_only,1.0,2,2480,24.78,5.484,42.635,0.2843
1,MadTrainer,Gromozeka_rate,same_drone,LF+Rate,P+R_only,1.0,3,2536,25.37,13.631,83.637,0.4913
1,MadTrainer,Gromozeka_rate,same_drone,LF+Rate,P+R_only,1.0,4,2455,24.54,0.679,3.57,0.0049
1,MadTrainer,Gromozeka_rate,same_drone,LF+Rate,P+R_only,1.5,2,2480,24.78,3.514,30.945,0.1839
1,MadTrainer,Gromozeka_rate,same_drone,LF+Rate,P+R_only,1.5,3,2536,25.37,3.859,22.643,0.1905
1,MadTrainer,Gromozeka_rate,same_drone,LF+Rate,P+R_only,1.5,4,2455,24.54,1.075,6.668,0.0126
1,MadTrainer,Gromozeka_rate,same_drone,RC+Rate,baseline,1.0,2,2466,24.77,1.674,18.757,0.1306
1,MadTrainer,Gromozeka_rate,same_drone,RC+Rate,baseline,1.0,3,2524,25.35,2.305,46.375,0.1826
1,MadTrainer,Gromozeka_rate,same_drone,RC+Rate,baseline,1.0,4,2443,24.53,0.498,2.832,0.0086
1,MadTrainer,Gromozeka_rate,same_drone,RC+Rate,baseline,1.5,2,2466,24.77,1.6,9.12,0.056
1,MadTrainer,Gromozeka_rate,same_drone,RC+Rate,baseline,1.5,3,2524,25.35,1.995,16.587,0.1173
1,MadTrainer,Gromozeka_rate,same_drone,RC+Rate,baseline,1.5,4,2443,24.53,0.719,5.02,0.0074
1,MadTrainer,Gromozeka_rate,same_drone,RC+Rate,no_thr,1.0,2,2466,24.77,2.684,32.356,0.2097
1,MadTrainer,Gromozeka_rate,same_drone,RC+Rate,no_thr,1.0,3,2524,25.35,3.113,25.074,0.1902
1,MadTrainer,Gromozeka_rate,same_drone,RC+Rate,no_thr,1.0,4,2443,24.53,0.669,3.82,0.007
1,MadTrainer,Gromozeka_rate,same_drone,RC+Rate,no_thr,1.5,2,2466,24.77,2.218,34.446,0.1938
1,MadTrainer,Gromozeka_rate,same_drone,RC+Rate,no_thr,1.5,3,2524,25.35,2.289,21.553,0.1395
1,MadTrainer,Gromozeka_rate,same_drone,RC+Rate,no_thr,1.5,4,2443,24.53,0.962,7.897,0.0033
1,MadTrainer,Gromozeka_rate,same_drone,RC+Rate,Thr+R,1.0,2,2466,24.77,4.962,100.955,0.3098
1,MadTrainer,Gromozeka_rate,same_drone,RC+Rate,Thr+R,1.0,3,2524,25.35,18.036,114.626,0.5468
1,MadTrainer,Gromozeka_rate,same_drone,RC+Rate,Thr+R,1.0,4,2443,24.53,0.527,2.698,0.0
1,MadTrainer,Gromozeka_rate,same_drone,RC+Rate,Thr+R,1.5,2,2466,24.77,2.363,12.267,0.077
1,MadTrainer,Gromozeka_rate,same_drone,RC+Rate,Thr+R,1.5,3,2524,25.35,2.998,106.343,0.2627
1,MadTrainer,Gromozeka_rate,same_drone,RC+Rate,Thr+R,1.5,4,2443,24.53,0.735,3.541,0.002
1,MadTrainer,Gromozeka_rate,same_drone,RC+Rate,Y+P+2R,1.0,2,2466,24.77,2.839,36.525,0.2551
1,MadTrainer,Gromozeka_rate,same_drone,RC+Rate,Y+P+2R,1.0,3,2524,25.35,2.855,52.687,0.2651
1,MadTrainer,Gromozeka_rate,same_drone,RC+Rate,Y+P+2R,1.0,4,2443,24.53,0.597,3.049,0.0
1,MadTrainer,Gromozeka_rate,same_drone,RC+Rate,Y+P+2R,1.5,2,2466,24.77,1.978,30.465,0.1857
1,MadTrainer,Gromozeka_rate,same_drone,RC+Rate,Y+P+2R,1.5,3,2524,25.35,2.62,25.087,0.1838
1,MadTrainer,Gromozeka_rate,same_drone,RC+Rate,Y+P+2R,1.5,4,2443,24.53,0.863,3.972,0.0
1,MadTrainer,Gromozeka_rate,same_drone,RC+Rate,R+Y_only,1.0,2,2466,24.77,3.465,123.007,0.2956
1,MadTrainer,Gromozeka_rate,same_drone,RC+Rate,R+Y_only,1.0,3,2524,25.35,2.696,41.076,0.227
1,MadTrainer,Gromozeka_rate,same_drone,RC+Rate,R+Y_only,1.0,4,2443,24.53,0.684,3.324,0.007
1,MadTrainer,Gromozeka_rate,same_drone,RC+Rate,R+Y_only,1.5,2,2466,24.77,1.835,17.753,0.1079
1,MadTrainer,Gromozeka_rate,same_drone,RC+Rate,R+Y_only,1.5,3,2524,25.35,2.192,26.225,0.147
1,MadTrainer,Gromozeka_rate,same_drone,RC+Rate,R+Y_only,1.5,4,2443,24.53,0.855,3.991,0.0016
1,MadTrainer,Gromozeka_rate,same_drone,RC+Rate,Thr+P+R,1.0,2,2466,24.77,2.277,13.07,0.0872
1,MadTrainer,Gromozeka_rate,same_drone,RC+Rate,Thr+P+R,1.0,3,2524,25.35,2.48,81.413,0.2266
1,MadTrainer,Gromozeka_rate,same_drone,RC+Rate,Thr+P+R,1.0,4,2443,24.53,0.489,2.499,0.0
1,MadTrainer,Gromozeka_rate,same_drone,RC+Rate,Thr+P+R,1.5,2,2466,24.77,1.744,8.151,0.0483
1,MadTrainer,Gromozeka_rate,same_drone,RC+Rate,Thr+P+R,1.5,3,2524,25.35,2.863,48.081,0.2191
1,MadTrainer,Gromozeka_rate,same_drone,RC+Rate,Thr+P+R,1.5,4,2443,24.53,0.67,3.73,0.0
1,MadTrainer,Gromozeka_rate,same_drone,RC+Rate,Thr+R+Y,1.0,2,2466,24.77,4.073,82.03,0.296
1,MadTrainer,Gromozeka_rate,same_drone,RC+Rate,Thr+R+Y,1.0,3,2524,25.35,2.687,58.184,0.267
1,MadTrainer,Gromozeka_rate,same_drone,RC+Rate,Thr+R+Y,1.0,4,2443,24.53,0.5,2.715,0.0
1,MadTrainer,Gromozeka_rate,same_drone,RC+Rate,Thr+R+Y,1.5,2,2466,24.77,1.365,8.653,0.0665
1,MadTrainer,Gromozeka_rate,same_drone,RC+Rate,Thr+R+Y,1.5,3,2524,25.35,2.058,24.1,0.1565
1,MadTrainer,Gromozeka_rate,same_drone,RC+Rate,Thr+R+Y,1.5,4,2443,24.53,0.671,3.671,0.0065
1,MadTrainer,Gromozeka_rate,same_drone,RC+Rate,soft_thr,1.0,2,2466,24.77,1.485,7.727,0.0673
1,MadTrainer,Gromozeka_rate,same_drone,RC+Rate,soft_thr,1.0,3,2524,25.35,2.867,59.177,0.2587
1,MadTrainer,Gromozeka_rate,same_drone,RC+Rate,soft_thr,1.0,4,2443,24.53,0.626,3.501,0.0037
1,MadTrainer,Gromozeka_rate,same_drone,RC+Rate,soft_thr,1.5,2,2466,24.77,1.654,20.802,0.1269
1,MadTrainer,Gromozeka_rate,same_drone,RC+Rate,soft_thr,1.5,3,2524,25.35,2.204,25.262,0.166
1,MadTrainer,Gromozeka_rate,same_drone,RC+Rate,soft_thr,1.5,4,2443,24.53,0.858,8.259,0.0106
1,MadTrainer,Gromozeka_rate,same_drone,RC+Rate,angular_scaled,1.0,2,2466,24.77,2.084,33.77,0.176
1,MadTrainer,Gromozeka_rate,same_drone,RC+Rate,angular_scaled,1.0,3,2524,25.35,2.542,26.576,0.1739
1,MadTrainer,Gromozeka_rate,same_drone,RC+Rate,angular_scaled,1.0,4,2443,24.53,0.788,4.347,0.0045
1,MadTrainer,Gromozeka_rate,same_drone,RC+Rate,angular_scaled,1.5,2,2466,24.77,1.465,13.584,0.0965
1,MadTrainer,Gromozeka_rate,same_drone,RC+Rate,angular_scaled,1.5,3,2524,25.35,2.154,19.694,0.1212
1,MadTrainer,Gromozeka_rate,same_drone,RC+Rate,angular_scaled,1.5,4,2443,24.53,1.014,11.692,0.0622
1,MadTrainer,Gromozeka_rate,same_drone,RC+Rate,P+R_only,1.0,2,2466,24.77,4.195,73.041,0.3179
1,MadTrainer,Gromozeka_rate,same_drone,RC+Rate,P+R_only,1.0,3,2524,25.35,4.078,79.743,0.229
1,MadTrainer,Gromozeka_rate,same_drone,RC+Rate,P+R_only,1.0,4,2443,24.53,0.717,3.987,0.0115
1,MadTrainer,Gromozeka_rate,same_drone,RC+Rate,P+R_only,1.5,2,2466,24.77,3.336,36.903,0.2522
1,MadTrainer,Gromozeka_rate,same_drone,RC+Rate,P+R_only,1.5,3,2524,25.35,3.206,21.565,0.1826
1,MadTrainer,Gromozeka_rate,same_drone,RC+Rate,P+R_only,1.5,4,2443,24.53,1.049,5.611,0.0041
2,MadTrainer,RedSheep_rate,same_drone,LF+Rate,baseline,1.0,3,2523,25.22,5.095,97.534,0.411
2,MadTrainer,RedSheep_rate,same_drone,LF+Rate,baseline,1.0,4,2609,26.08,2.5,42.314,0.1411
2,MadTrainer,RedSheep_rate,same_drone,LF+Rate,baseline,1.0,5,2488,24.87,27.657,118.653,0.5535
2,MadTrainer,RedSheep_rate,same_drone,LF+Rate,baseline,1.5,3,2523,25.22,3.67,74.424,0.2255
2,MadTrainer,RedSheep_rate,same_drone,LF+Rate,baseline,1.5,4,2609,26.08,2.418,12.292,0.0866
2,MadTrainer,RedSheep_rate,same_drone,LF+Rate,baseline,1.5,5,2488,24.87,2.427,11.871,0.0498
2,MadTrainer,RedSheep_rate,same_drone,LF+Rate,no_thr,1.0,3,2523,25.22,6.897,85.321,0.3508
2,MadTrainer,RedSheep_rate,same_drone,LF+Rate,no_thr,1.0,4,2609,26.08,2.224,35.205,0.1713
2,MadTrainer,RedSheep_rate,same_drone,LF+Rate,no_thr,1.0,5,2488,24.87,5.29,60.704,0.2814
2,MadTrainer,RedSheep_rate,same_drone,LF+Rate,no_thr,1.5,3,2523,25.22,3.524,27.051,0.1633
2,MadTrainer,RedSheep_rate,same_drone,LF+Rate,no_thr,1.5,4,2609,26.08,2.436,16.676,0.1046
2,MadTrainer,RedSheep_rate,same_drone,LF+Rate,no_thr,1.5,5,2488,24.87,2.762,34.349,0.1588
2,MadTrainer,RedSheep_rate,same_drone,LF+Rate,Thr+R,1.0,3,2523,25.22,59.859,128.545,0.7103
2,MadTrainer,RedSheep_rate,same_drone,LF+Rate,Thr+R,1.0,4,2609,26.08,72.192,136.581,0.8045
2,MadTrainer,RedSheep_rate,same_drone,LF+Rate,Thr+R,1.0,5,2488,24.87,57.646,146.103,0.8023
2,MadTrainer,RedSheep_rate,same_drone,LF+Rate,Thr+R,1.5,3,2523,25.22,44.541,124.707,0.6401
2,MadTrainer,RedSheep_rate,same_drone,LF+Rate,Thr+R,1.5,4,2609,26.08,47.892,113.612,0.7374
2,MadTrainer,RedSheep_rate,same_drone,LF+Rate,Thr+R,1.5,5,2488,24.87,40.503,109.788,0.6712
2,MadTrainer,RedSheep_rate,same_drone,LF+Rate,Y+P+2R,1.0,3,2523,25.22,10.258,98.228,0.4344
2,MadTrainer,RedSheep_rate,same_drone,LF+Rate,Y+P+2R,1.0,4,2609,26.08,3.212,93.664,0.3258
2,MadTrainer,RedSheep_rate,same_drone,LF+Rate,Y+P+2R,1.0,5,2488,24.87,8.554,58.752,0.3838
2,MadTrainer,RedSheep_rate,same_drone,LF+Rate,Y+P+2R,1.5,3,2523,25.22,6.24,69.536,0.3516
2,MadTrainer,RedSheep_rate,same_drone,LF+Rate,Y+P+2R,1.5,4,2609,26.08,1.503,9.737,0.0617
2,MadTrainer,RedSheep_rate,same_drone,LF+Rate,Y+P+2R,1.5,5,2488,24.87,2.739,26.704,0.1431
2,MadTrainer,RedSheep_rate,same_drone,LF+Rate,R+Y_only,1.0,3,2523,25.22,3.741,120.912,0.3159
2,MadTrainer,RedSheep_rate,same_drone,LF+Rate,R+Y_only,1.0,4,2609,26.08,2.009,23.443,0.1349
2,MadTrainer,RedSheep_rate,same_drone,LF+Rate,R+Y_only,1.0,5,2488,24.87,3.06,43.087,0.215
2,MadTrainer,RedSheep_rate,same_drone,LF+Rate,R+Y_only,1.5,3,2523,25.22,2.43,15.602,0.1106
2,MadTrainer,RedSheep_rate,same_drone,LF+Rate,R+Y_only,1.5,4,2609,26.08,1.467,6.531,0.0211
2,MadTrainer,RedSheep_rate,same_drone,LF+Rate,R+Y_only,1.5,5,2488,24.87,1.93,14.09,0.0808
2,MadTrainer,RedSheep_rate,same_drone,LF+Rate,Thr+P+R,1.0,3,2523,25.22,9.617,115.647,0.453
2,MadTrainer,RedSheep_rate,same_drone,LF+Rate,Thr+P+R,1.0,4,2609,26.08,11.641,95.362,0.4454
2,MadTrainer,RedSheep_rate,same_drone,LF+Rate,Thr+P+R,1.0,5,2488,24.87,16.671,92.74,0.5185
2,MadTrainer,RedSheep_rate,same_drone,LF+Rate,Thr+P+R,1.5,3,2523,25.22,8.901,107.842,0.4217
2,MadTrainer,RedSheep_rate,same_drone,LF+Rate,Thr+P+R,1.5,4,2609,26.08,8.456,68.546,0.3741
2,MadTrainer,RedSheep_rate,same_drone,LF+Rate,Thr+P+R,1.5,5,2488,24.87,3.757,31.039,0.2026
2,MadTrainer,RedSheep_rate,same_drone,LF+Rate,Thr+R+Y,1.0,3,2523,25.22,9.137,114.331,0.4483
2,MadTrainer,RedSheep_rate,same_drone,LF+Rate,Thr+R+Y,1.0,4,2609,26.08,3.302,43.45,0.238
2,MadTrainer,RedSheep_rate,same_drone,LF+Rate,Thr+R+Y,1.0,5,2488,24.87,2.807,55.416,0.2874
2,MadTrainer,RedSheep_rate,same_drone,LF+Rate,Thr+R+Y,1.5,3,2523,25.22,3.105,65.072,0.2311
2,MadTrainer,RedSheep_rate,same_drone,LF+Rate,Thr+R+Y,1.5,4,2609,26.08,2.188,26.972,0.1227
2,MadTrainer,RedSheep_rate,same_drone,LF+Rate,Thr+R+Y,1.5,5,2488,24.87,1.998,7.219,0.0297
2,MadTrainer,RedSheep_rate,same_drone,LF+Rate,soft_thr,1.0,3,2523,25.22,2.867,64.952,0.22
2,MadTrainer,RedSheep_rate,same_drone,LF+Rate,soft_thr,1.0,4,2609,26.08,1.431,11.079,0.0671
2,MadTrainer,RedSheep_rate,same_drone,LF+Rate,soft_thr,1.0,5,2488,24.87,2.464,14.155,0.0852
2,MadTrainer,RedSheep_rate,same_drone,LF+Rate,soft_thr,1.5,3,2523,25.22,2.453,17.139,0.1078
2,MadTrainer,RedSheep_rate,same_drone,LF+Rate,soft_thr,1.5,4,2609,26.08,1.412,6.111,0.0211
2,MadTrainer,RedSheep_rate,same_drone,LF+Rate,soft_thr,1.5,5,2488,24.87,1.934,12.961,0.0796
2,MadTrainer,RedSheep_rate,same_drone,LF+Rate,angular_scaled,1.0,3,2523,25.22,15.792,107.198,0.5085
2,MadTrainer,RedSheep_rate,same_drone,LF+Rate,angular_scaled,1.0,4,2609,26.08,2.29,15.264,0.1004
2,MadTrainer,RedSheep_rate,same_drone,LF+Rate,angular_scaled,1.0,5,2488,24.87,2.841,21.69,0.1427
2,MadTrainer,RedSheep_rate,same_drone,LF+Rate,angular_scaled,1.5,3,2523,25.22,2.614,14.194,0.0844
2,MadTrainer,RedSheep_rate,same_drone,LF+Rate,angular_scaled,1.5,4,2609,26.08,1.648,11.097,0.023
2,MadTrainer,RedSheep_rate,same_drone,LF+Rate,angular_scaled,1.5,5,2488,24.87,2.144,21.377,0.1242
2,MadTrainer,RedSheep_rate,same_drone,LF+Rate,P+R_only,1.0,3,2523,25.22,10.503,116.206,0.4479
2,MadTrainer,RedSheep_rate,same_drone,LF+Rate,P+R_only,1.0,4,2609,26.08,4.635,104.024,0.3223
2,MadTrainer,RedSheep_rate,same_drone,LF+Rate,P+R_only,1.0,5,2488,24.87,23.851,99.517,0.5635
2,MadTrainer,RedSheep_rate,same_drone,LF+Rate,P+R_only,1.5,3,2523,25.22,6.565,56.765,0.2913
2,MadTrainer,RedSheep_rate,same_drone,LF+Rate,P+R_only,1.5,4,2609,26.08,3.682,29.98,0.1863
2,MadTrainer,RedSheep_rate,same_drone,LF+Rate,P+R_only,1.5,5,2488,24.87,7.141,142.007,0.4393
2,MadTrainer,RedSheep_rate,same_drone,RC+Rate,baseline,1.0,3,2509,25.22,7.031,110.5,0.3627
2,MadTrainer,RedSheep_rate,same_drone,RC+Rate,baseline,1.0,4,2597,26.06,3.066,53.695,0.1975
2,MadTrainer,RedSheep_rate,same_drone,RC+Rate,baseline,1.0,5,2477,24.86,4.802,60.782,0.285
2,MadTrainer,RedSheep_rate,same_drone,RC+Rate,baseline,1.5,3,2509,25.22,2.905,52.346,0.173
2,MadTrainer,RedSheep_rate,same_drone,RC+Rate,baseline,1.5,4,2597,26.06,2.165,16.33,0.1032
2,MadTrainer,RedSheep_rate,same_drone,RC+Rate,baseline,1.5,5,2477,24.86,3.817,26.388,0.1611
2,MadTrainer,RedSheep_rate,same_drone,RC+Rate,no_thr,1.0,3,2509,25.22,3.97,109.06,0.2435
2,MadTrainer,RedSheep_rate,same_drone,RC+Rate,no_thr,1.0,4,2597,26.06,2.111,30.533,0.1575
2,MadTrainer,RedSheep_rate,same_drone,RC+Rate,no_thr,1.0,5,2477,24.86,4.117,39.276,0.2196
2,MadTrainer,RedSheep_rate,same_drone,RC+Rate,no_thr,1.5,3,2509,25.22,3.393,31.373,0.2033
2,MadTrainer,RedSheep_rate,same_drone,RC+Rate,no_thr,1.5,4,2597,26.06,2.27,10.492,0.057
2,MadTrainer,RedSheep_rate,same_drone,RC+Rate,no_thr,1.5,5,2477,24.86,3.216,33.065,0.1607
2,MadTrainer,RedSheep_rate,same_drone,RC+Rate,Thr+R,1.0,3,2509,25.22,37.609,136.268,0.6305
2,MadTrainer,RedSheep_rate,same_drone,RC+Rate,Thr+R,1.0,4,2597,26.06,59.094,135.54,0.7385
2,MadTrainer,RedSheep_rate,same_drone,RC+Rate,Thr+R,1.0,5,2477,24.86,43.607,127.719,0.7073
2,MadTrainer,RedSheep_rate,same_drone,RC+Rate,Thr+R,1.5,3,2509,25.22,5.906,93.966,0.3659
2,MadTrainer,RedSheep_rate,same_drone,RC+Rate,Thr+R,1.5,4,2597,26.06,8.171,57.949,0.3735
2,MadTrainer,RedSheep_rate,same_drone,RC+Rate,Thr+R,1.5,5,2477,24.86,10.977,104.811,0.4594
2,MadTrainer,RedSheep_rate,same_drone,RC+Rate,Y+P+2R,1.0,3,2509,25.22,4.014,100.427,0.33
2,MadTrainer,RedSheep_rate,same_drone,RC+Rate,Y+P+2R,1.0,4,2597,26.06,2.51,90.092,0.2045
2,MadTrainer,RedSheep_rate,same_drone,RC+Rate,Y+P+2R,1.0,5,2477,24.86,5.603,96.423,0.329
2,MadTrainer,RedSheep_rate,same_drone,RC+Rate,Y+P+2R,1.5,3,2509,25.22,2.302,33.653,0.1881
2,MadTrainer,RedSheep_rate,same_drone,RC+Rate,Y+P+2R,1.5,4,2597,26.06,1.617,7.796,0.0477
2,MadTrainer,RedSheep_rate,same_drone,RC+Rate,Y+P+2R,1.5,5,2477,24.86,2.65,30.595,0.1558
2,MadTrainer,RedSheep_rate,same_drone,RC+Rate,R+Y_only,1.0,3,2509,25.22,3.183,97.933,0.2152
2,MadTrainer,RedSheep_rate,same_drone,RC+Rate,R+Y_only,1.0,4,2597,26.06,1.988,20.428,0.1151
2,MadTrainer,RedSheep_rate,same_drone,RC+Rate,R+Y_only,1.0,5,2477,24.86,4.81,104.38,0.3141
2,MadTrainer,RedSheep_rate,same_drone,RC+Rate,R+Y_only,1.5,3,2509,25.22,2.313,39.574,0.1698
2,MadTrainer,RedSheep_rate,same_drone,RC+Rate,R+Y_only,1.5,4,2597,26.06,1.355,7.08,0.0208
2,MadTrainer,RedSheep_rate,same_drone,RC+Rate,R+Y_only,1.5,5,2477,24.86,2.171,15.382,0.1074
2,MadTrainer,RedSheep_rate,same_drone,RC+Rate,Thr+P+R,1.0,3,2509,25.22,82.078,129.22,0.7796
2,MadTrainer,RedSheep_rate,same_drone,RC+Rate,Thr+P+R,1.0,4,2597,26.06,16.406,98.815,0.5098
2,MadTrainer,RedSheep_rate,same_drone,RC+Rate,Thr+P+R,1.0,5,2477,24.86,13.786,94.342,0.4897
2,MadTrainer,RedSheep_rate,same_drone,RC+Rate,Thr+P+R,1.5,3,2509,25.22,10.294,119.833,0.4436
2,MadTrainer,RedSheep_rate,same_drone,RC+Rate,Thr+P+R,1.5,4,2597,26.06,2.945,45.682,0.186
2,MadTrainer,RedSheep_rate,same_drone,RC+Rate,Thr+P+R,1.5,5,2477,24.86,7.473,40.914,0.3585
2,MadTrainer,RedSheep_rate,same_drone,RC+Rate,Thr+R+Y,1.0,3,2509,25.22,3.157,95.794,0.287
2,MadTrainer,RedSheep_rate,same_drone,RC+Rate,Thr+R+Y,1.0,4,2597,26.06,3.208,45.334,0.1775
2,MadTrainer,RedSheep_rate,same_drone,RC+Rate,Thr+R+Y,1.0,5,2477,24.86,6.524,90.78,0.413
2,MadTrainer,RedSheep_rate,same_drone,RC+Rate,Thr+R+Y,1.5,3,2509,25.22,1.663,12.165,0.0905
2,MadTrainer,RedSheep_rate,same_drone,RC+Rate,Thr+R+Y,1.5,4,2597,26.06,1.686,7.213,0.0389
2,MadTrainer,RedSheep_rate,same_drone,RC+Rate,Thr+R+Y,1.5,5,2477,24.86,1.874,8.152,0.0287
2,MadTrainer,RedSheep_rate,same_drone,RC+Rate,soft_thr,1.0,3,2509,25.22,4.694,59.59,0.3077
2,MadTrainer,RedSheep_rate,same_drone,RC+Rate,soft_thr,1.0,4,2597,26.06,1.5,12.734,0.0859
2,MadTrainer,RedSheep_rate,same_drone,RC+Rate,soft_thr,1.0,5,2477,24.86,2.708,14.939,0.0981
2,MadTrainer,RedSheep_rate,same_drone,RC+Rate,soft_thr,1.5,3,2509,25.22,2.483,12.762,0.0737
2,MadTrainer,RedSheep_rate,same_drone,RC+Rate,soft_thr,1.5,4,2597,26.06,1.453,6.004,0.0166
2,MadTrainer,RedSheep_rate,same_drone,RC+Rate,soft_thr,1.5,5,2477,24.86,1.756,13.596,0.0739
2,MadTrainer,RedSheep_rate,same_drone,RC+Rate,angular_scaled,1.0,3,2509,25.22,4.912,96.395,0.3025
2,MadTrainer,RedSheep_rate,same_drone,RC+Rate,angular_scaled,1.0,4,2597,26.06,1.83,12.643,0.0836
2,MadTrainer,RedSheep_rate,same_drone,RC+Rate,angular_scaled,1.0,5,2477,24.86,3.413,36.47,0.1772
2,MadTrainer,RedSheep_rate,same_drone,RC+Rate,angular_scaled,1.5,3,2509,25.22,2.075,10.431,0.045
2,MadTrainer,RedSheep_rate,same_drone,RC+Rate,angular_scaled,1.5,4,2597,26.06,1.519,7.649,0.0166
2,MadTrainer,RedSheep_rate,same_drone,RC+Rate,angular_scaled,1.5,5,2477,24.86,2.237,18.752,0.1239
2,MadTrainer,RedSheep_rate,same_drone,RC+Rate,P+R_only,1.0,3,2509,25.22,10.134,133.173,0.4297
2,MadTrainer,RedSheep_rate,same_drone,RC+Rate,P+R_only,1.0,4,2597,26.06,5.08,90.662,0.2811
2,MadTrainer,RedSheep_rate,same_drone,RC+Rate,P+R_only,1.0,5,2477,24.86,19.545,106.343,0.5628
2,MadTrainer,RedSheep_rate,same_drone,RC+Rate,P+R_only,1.5,3,2509,25.22,5.611,95.088,0.322
2,MadTrainer,RedSheep_rate,same_drone,RC+Rate,P+R_only,1.5,4,2597,26.06,3.907,46.593,0.1775
2,MadTrainer,RedSheep_rate,same_drone,RC+Rate,P+R_only,1.5,5,2477,24.86,6.768,41.692,0.3197
3,LiftOff_200,Gromozeka_rate,cross_drone,LF+Rate,baseline,1.0,4,2364,23.64,1.964,13.492,0.0922
3,LiftOff_200,Gromozeka_rate,cross_drone,LF+Rate,baseline,1.0,5,2455,24.54,1.763,30.856,0.1483
3,LiftOff_200,Gromozeka_rate,cross_drone,LF+Rate,baseline,1.0,6,2357,23.56,2.692,92.06,0.2749
3,LiftOff_200,Gromozeka_rate,cross_drone,LF+Rate,baseline,1.5,4,2364,23.64,1.855,34.312,0.1413
3,LiftOff_200,Gromozeka_rate,cross_drone,LF+Rate,baseline,1.5,5,2455,24.54,1.399,27.839,0.1479
3,LiftOff_200,Gromozeka_rate,cross_drone,LF+Rate,baseline,1.5,6,2357,23.56,2.245,100.659,0.2932
3,LiftOff_200,Gromozeka_rate,cross_drone,LF+Rate,no_thr,1.0,4,2364,23.64,2.858,47.376,0.206
3,LiftOff_200,Gromozeka_rate,cross_drone,LF+Rate,no_thr,1.0,5,2455,24.54,1.27,8.839,0.0697
3,LiftOff_200,Gromozeka_rate,cross_drone,LF+Rate,no_thr,1.0,6,2357,23.56,2.722,113.384,0.305
3,LiftOff_200,Gromozeka_rate,cross_drone,LF+Rate,no_thr,1.5,4,2364,23.64,1.892,25.797,0.1379
3,LiftOff_200,Gromozeka_rate,cross_drone,LF+Rate,no_thr,1.5,5,2455,24.54,1.429,11.464,0.0603
3,LiftOff_200,Gromozeka_rate,cross_drone,LF+Rate,no_thr,1.5,6,2357,23.56,2.397,53.017,0.2138
3,LiftOff_200,Gromozeka_rate,cross_drone,LF+Rate,Thr+R,1.0,4,2364,23.64,6.355,115.113,0.338
3,LiftOff_200,Gromozeka_rate,cross_drone,LF+Rate,Thr+R,1.0,5,2455,24.54,62.49,120.437,0.7735
3,LiftOff_200,Gromozeka_rate,cross_drone,LF+Rate,Thr+R,1.0,6,2357,23.56,25.724,112.203,0.5575
3,LiftOff_200,Gromozeka_rate,cross_drone,LF+Rate,Thr+R,1.5,4,2364,23.64,5.33,112.385,0.4247
3,LiftOff_200,Gromozeka_rate,cross_drone,LF+Rate,Thr+R,1.5,5,2455,24.54,8.409,113.923,0.402
3,LiftOff_200,Gromozeka_rate,cross_drone,LF+Rate,Thr+R,1.5,6,2357,23.56,9.428,107.058,0.4671
3,LiftOff_200,Gromozeka_rate,cross_drone,LF+Rate,Y+P+2R,1.0,4,2364,23.64,2.308,35.748,0.1569
3,LiftOff_200,Gromozeka_rate,cross_drone,LF+Rate,Y+P+2R,1.0,5,2455,24.54,1.377,19.491,0.1418
3,LiftOff_200,Gromozeka_rate,cross_drone,LF+Rate,Y+P+2R,1.0,6,2357,23.56,2.118,64.769,0.221
3,LiftOff_200,Gromozeka_rate,cross_drone,LF+Rate,Y+P+2R,1.5,4,2364,23.64,2.037,24.573,0.1349
3,LiftOff_200,Gromozeka_rate,cross_drone,LF+Rate,Y+P+2R,1.5,5,2455,24.54,1.38,15.706,0.1026
3,LiftOff_200,Gromozeka_rate,cross_drone,LF+Rate,Y+P+2R,1.5,6,2357,23.56,2.064,12.068,0.0878
3,LiftOff_200,Gromozeka_rate,cross_drone,LF+Rate,R+Y_only,1.0,4,2364,23.64,2.29,34.769,0.1954
3,LiftOff_200,Gromozeka_rate,cross_drone,LF+Rate,R+Y_only,1.0,5,2455,24.54,1.366,79.119,0.2346
3,LiftOff_200,Gromozeka_rate,cross_drone,LF+Rate,R+Y_only,1.0,6,2357,23.56,2.229,62.299,0.2397
3,LiftOff_200,Gromozeka_rate,cross_drone,LF+Rate,R+Y_only,1.5,4,2364,23.64,2.708,81.378,0.2297
3,LiftOff_200,Gromozeka_rate,cross_drone,LF+Rate,R+Y_only,1.5,5,2455,24.54,1.129,17.057,0.1088
3,LiftOff_200,Gromozeka_rate,cross_drone,LF+Rate,R+Y_only,1.5,6,2357,23.56,1.533,22.277,0.1409
3,LiftOff_200,Gromozeka_rate,cross_drone,LF+Rate,Thr+P+R,1.0,4,2364,23.64,2.961,111.652,0.2724
3,LiftOff_200,Gromozeka_rate,cross_drone,LF+Rate,Thr+P+R,1.0,5,2455,24.54,9.683,119.441,0.4367
3,LiftOff_200,Gromozeka_rate,cross_drone,LF+Rate,Thr+P+R,1.0,6,2357,23.56,6.097,104.917,0.3148
3,LiftOff_200,Gromozeka_rate,cross_drone,LF+Rate,Thr+P+R,1.5,4,2364,23.64,2.15,62.232,0.1925
3,LiftOff_200,Gromozeka_rate,cross_drone,LF+Rate,Thr+P+R,1.5,5,2455,24.54,2.054,45.302,0.2138
3,LiftOff_200,Gromozeka_rate,cross_drone,LF+Rate,Thr+P+R,1.5,6,2357,23.56,1.891,19.245,0.1303
3,LiftOff_200,Gromozeka_rate,cross_drone,LF+Rate,Thr+R+Y,1.0,4,2364,23.64,2.076,40.549,0.129
3,LiftOff_200,Gromozeka_rate,cross_drone,LF+Rate,Thr+R+Y,1.0,5,2455,24.54,2.341,93.05,0.2611
3,LiftOff_200,Gromozeka_rate,cross_drone,LF+Rate,Thr+R+Y,1.0,6,2357,23.56,2.936,66.072,0.3161
3,LiftOff_200,Gromozeka_rate,cross_drone,LF+Rate,Thr+R+Y,1.5,4,2364,23.64,2.243,43.964,0.1802
3,LiftOff_200,Gromozeka_rate,cross_drone,LF+Rate,Thr+R+Y,1.5,5,2455,24.54,1.613,64.936,0.2611
3,LiftOff_200,Gromozeka_rate,cross_drone,LF+Rate,Thr+R+Y,1.5,6,2357,23.56,5.921,45.258,0.3017
3,LiftOff_200,Gromozeka_rate,cross_drone,LF+Rate,soft_thr,1.0,4,2364,23.64,1.861,19.157,0.1146
3,LiftOff_200,Gromozeka_rate,cross_drone,LF+Rate,soft_thr,1.0,5,2455,24.54,1.111,20.93,0.121
3,LiftOff_200,Gromozeka_rate,cross_drone,LF+Rate,soft_thr,1.0,6,2357,23.56,1.795,84.593,0.2274
3,LiftOff_200,Gromozeka_rate,cross_drone,LF+Rate,soft_thr,1.5,4,2364,23.64,1.656,14.986,0.0998
3,LiftOff_200,Gromozeka_rate,cross_drone,LF+Rate,soft_thr,1.5,5,2455,24.54,1.169,18.937,0.1177
3,LiftOff_200,Gromozeka_rate,cross_drone,LF+Rate,soft_thr,1.5,6,2357,23.56,1.399,15.43,0.1031
3,LiftOff_200,Gromozeka_rate,cross_drone,LF+Rate,angular_scaled,1.0,4,2364,23.64,1.988,34.64,0.1641
3,LiftOff_200,Gromozeka_rate,cross_drone,LF+Rate,angular_scaled,1.0,5,2455,24.54,1.298,16.297,0.1116
3,LiftOff_200,Gromozeka_rate,cross_drone,LF+Rate,angular_scaled,1.0,6,2357,23.56,2.292,46.017,0.1599
3,LiftOff_200,Gromozeka_rate,cross_drone,LF+Rate,angular_scaled,1.5,4,2364,23.64,1.97,24.872,0.1531
3,LiftOff_200,Gromozeka_rate,cross_drone,LF+Rate,angular_scaled,1.5,5,2455,24.54,1.374,13.117,0.0933
3,LiftOff_200,Gromozeka_rate,cross_drone,LF+Rate,angular_scaled,1.5,6,2357,23.56,1.573,9.88,0.0
3,LiftOff_200,Gromozeka_rate,cross_drone,LF+Rate,P+R_only,1.0,4,2364,23.64,3.072,16.328,0.1083
3,LiftOff_200,Gromozeka_rate,cross_drone,LF+Rate,P+R_only,1.0,5,2455,24.54,3.506,32.658,0.1731
3,LiftOff_200,Gromozeka_rate,cross_drone,LF+Rate,P+R_only,1.0,6,2357,23.56,3.71,103.481,0.2605
3,LiftOff_200,Gromozeka_rate,cross_drone,LF+Rate,P+R_only,1.5,4,2364,23.64,2.731,13.17,0.0664
3,LiftOff_200,Gromozeka_rate,cross_drone,LF+Rate,P+R_only,1.5,5,2455,24.54,1.967,19.636,0.1234
3,LiftOff_200,Gromozeka_rate,cross_drone,LF+Rate,P+R_only,1.5,6,2357,23.56,2.911,30.177,0.1939
3,LiftOff_200,Gromozeka_rate,cross_drone,RC+Rate,baseline,1.0,4,2353,23.62,1.822,50.008,0.1419
3,LiftOff_200,Gromozeka_rate,cross_drone,RC+Rate,baseline,1.0,5,2443,24.53,1.482,25.076,0.14
3,LiftOff_200,Gromozeka_rate,cross_drone,RC+Rate,baseline,1.0,6,2345,23.55,2.265,58.36,0.2597
3,LiftOff_200,Gromozeka_rate,cross_drone,RC+Rate,baseline,1.5,4,2353,23.62,1.602,9.661,0.0684
3,LiftOff_200,Gromozeka_rate,cross_drone,RC+Rate,baseline,1.5,5,2443,24.53,1.536,42.31,0.1822
3,LiftOff_200,Gromozeka_rate,cross_drone,RC+Rate,baseline,1.5,6,2345,23.55,2.552,113.193,0.3015
3,LiftOff_200,Gromozeka_rate,cross_drone,RC+Rate,no_thr,1.0,4,2353,23.62,2.657,29.435,0.153
3,LiftOff_200,Gromozeka_rate,cross_drone,RC+Rate,no_thr,1.0,5,2443,24.53,1.556,10.689,0.0581
3,LiftOff_200,Gromozeka_rate,cross_drone,RC+Rate,no_thr,1.0,6,2345,23.55,2.736,61.916,0.2034
3,LiftOff_200,Gromozeka_rate,cross_drone,RC+Rate,no_thr,1.5,4,2353,23.62,2.014,16.655,0.1101
3,LiftOff_200,Gromozeka_rate,cross_drone,RC+Rate,no_thr,1.5,5,2443,24.53,1.403,12.969,0.095
3,LiftOff_200,Gromozeka_rate,cross_drone,RC+Rate,no_thr,1.5,6,2345,23.55,3.033,67.306,0.2183
3,LiftOff_200,Gromozeka_rate,cross_drone,RC+Rate,Thr+R,1.0,4,2353,23.62,31.66,111.353,0.5967
3,LiftOff_200,Gromozeka_rate,cross_drone,RC+Rate,Thr+R,1.0,5,2443,24.53,51.522,113.312,0.77
3,LiftOff_200,Gromozeka_rate,cross_drone,RC+Rate,Thr+R,1.0,6,2345,23.55,27.932,108.503,0.5949
3,LiftOff_200,Gromozeka_rate,cross_drone,RC+Rate,Thr+R,1.5,4,2353,23.62,3.981,59.649,0.3009
3,LiftOff_200,Gromozeka_rate,cross_drone,RC+Rate,Thr+R,1.5,5,2443,24.53,8.223,111.339,0.4163
3,LiftOff_200,Gromozeka_rate,cross_drone,RC+Rate,Thr+R,1.5,6,2345,23.55,13.608,70.278,0.4896
3,LiftOff_200,Gromozeka_rate,cross_drone,RC+Rate,Y+P+2R,1.0,4,2353,23.62,2.34,12.745,0.0727
3,LiftOff_200,Gromozeka_rate,cross_drone,RC+Rate,Y+P+2R,1.0,5,2443,24.53,1.342,9.75,0.0454
3,LiftOff_200,Gromozeka_rate,cross_drone,RC+Rate,Y+P+2R,1.0,6,2345,23.55,3.682,51.521,0.2247
3,LiftOff_200,Gromozeka_rate,cross_drone,RC+Rate,Y+P+2R,1.5,4,2353,23.62,2.158,28.868,0.1402
3,LiftOff_200,Gromozeka_rate,cross_drone,RC+Rate,Y+P+2R,1.5,5,2443,24.53,1.291,12.357,0.0925
3,LiftOff_200,Gromozeka_rate,cross_drone,RC+Rate,Y+P+2R,1.5,6,2345,23.55,2.472,19.051,0.1441
3,LiftOff_200,Gromozeka_rate,cross_drone,RC+Rate,R+Y_only,1.0,4,2353,23.62,2.754,91.393,0.2456
3,LiftOff_200,Gromozeka_rate,cross_drone,RC+Rate,R+Y_only,1.0,5,2443,24.53,1.573,73.221,0.2272
3,LiftOff_200,Gromozeka_rate,cross_drone,RC+Rate,R+Y_only,1.0,6,2345,23.55,2.521,100.9,0.2614
3,LiftOff_200,Gromozeka_rate,cross_drone,RC+Rate,R+Y_only,1.5,4,2353,23.62,2.065,19.49,0.1211
3,LiftOff_200,Gromozeka_rate,cross_drone,RC+Rate,R+Y_only,1.5,5,2443,24.53,1.294,20.918,0.1322
3,LiftOff_200,Gromozeka_rate,cross_drone,RC+Rate,R+Y_only,1.5,6,2345,23.55,2.189,34.757,0.2098
3,LiftOff_200,Gromozeka_rate,cross_drone,RC+Rate,Thr+P+R,1.0,4,2353,23.62,2.523,72.148,0.1674
3,LiftOff_200,Gromozeka_rate,cross_drone,RC+Rate,Thr+P+R,1.0,5,2443,24.53,2.301,42.371,0.2055
3,LiftOff_200,Gromozeka_rate,cross_drone,RC+Rate,Thr+P+R,1.0,6,2345,23.55,3.801,39.358,0.2397
3,LiftOff_200,Gromozeka_rate,cross_drone,RC+Rate,Thr+P+R,1.5,4,2353,23.62,2.326,49.018,0.1521
3,LiftOff_200,Gromozeka_rate,cross_drone,RC+Rate,Thr+P+R,1.5,5,2443,24.53,1.644,42.066,0.1764
3,LiftOff_200,Gromozeka_rate,cross_drone,RC+Rate,Thr+P+R,1.5,6,2345,23.55,1.989,37.839,0.235
3,LiftOff_200,Gromozeka_rate,cross_drone,RC+Rate,Thr+R+Y,1.0,4,2353,23.62,1.753,26.596,0.1254
3,LiftOff_200,Gromozeka_rate,cross_drone,RC+Rate,Thr+R+Y,1.0,5,2443,24.53,1.821,106.26,0.2612
3,LiftOff_200,Gromozeka_rate,cross_drone,RC+Rate,Thr+R+Y,1.0,6,2345,23.55,2.935,103.624,0.348
3,LiftOff_200,Gromozeka_rate,cross_drone,RC+Rate,Thr+R+Y,1.5,4,2353,23.62,2.292,42.686,0.1942
3,LiftOff_200,Gromozeka_rate,cross_drone,RC+Rate,Thr+R+Y,1.5,5,2443,24.53,1.606,107.448,0.3021
3,LiftOff_200,Gromozeka_rate,cross_drone,RC+Rate,Thr+R+Y,1.5,6,2345,23.55,7.561,116.635,0.3348
3,LiftOff_200,Gromozeka_rate,cross_drone,RC+Rate,soft_thr,1.0,4,2353,23.62,1.979,31.238,0.1334
3,LiftOff_200,Gromozeka_rate,cross_drone,RC+Rate,soft_thr,1.0,5,2443,24.53,0.901,14.796,0.0999
3,LiftOff_200,Gromozeka_rate,cross_drone,RC+Rate,soft_thr,1.0,6,2345,23.55,1.505,12.932,0.0797
3,LiftOff_200,Gromozeka_rate,cross_drone,RC+Rate,soft_thr,1.5,4,2353,23.62,1.777,10.888,0.0722
3,LiftOff_200,Gromozeka_rate,cross_drone,RC+Rate,soft_thr,1.5,5,2443,24.53,1.196,18.031,0.1113
3,LiftOff_200,Gromozeka_rate,cross_drone,RC+Rate,soft_thr,1.5,6,2345,23.55,1.46,26.37,0.1194
3,LiftOff_200,Gromozeka_rate,cross_drone,RC+Rate,angular_scaled,1.0,4,2353,23.62,2.441,29.31,0.1538
3,LiftOff_200,Gromozeka_rate,cross_drone,RC+Rate,angular_scaled,1.0,5,2443,24.53,1.239,8.564,0.0761
3,LiftOff_200,Gromozeka_rate,cross_drone,RC+Rate,angular_scaled,1.0,6,2345,23.55,2.767,50.548,0.1552
3,LiftOff_200,Gromozeka_rate,cross_drone,RC+Rate,angular_scaled,1.5,4,2353,23.62,1.911,38.007,0.1912
3,LiftOff_200,Gromozeka_rate,cross_drone,RC+Rate,angular_scaled,1.5,5,2443,24.53,1.39,11.944,0.088
3,LiftOff_200,Gromozeka_rate,cross_drone,RC+Rate,angular_scaled,1.5,6,2345,23.55,2.105,10.992,0.0533
3,LiftOff_200,Gromozeka_rate,cross_drone,RC+Rate,P+R_only,1.0,4,2353,23.62,3.371,19.99,0.1449
3,LiftOff_200,Gromozeka_rate,cross_drone,RC+Rate,P+R_only,1.0,5,2443,24.53,2.762,12.704,0.0929
3,LiftOff_200,Gromozeka_rate,cross_drone,RC+Rate,P+R_only,1.0,6,2345,23.55,6.03,97.295,0.4107
3,LiftOff_200,Gromozeka_rate,cross_drone,RC+Rate,P+R_only,1.5,4,2353,23.62,3.511,22.559,0.1738
3,LiftOff_200,Gromozeka_rate,cross_drone,RC+Rate,P+R_only,1.5,5,2443,24.53,2.102,20.243,0.1212
3,LiftOff_200,Gromozeka_rate,cross_drone,RC+Rate,P+R_only,1.5,6,2345,23.55,3.198,95.074,0.2857
4,LiftOff_200,RedSheep_rate,cross_drone,LF+Rate,baseline,1.0,3,2527,25.26,11.373,102.819,0.4792
4,LiftOff_200,RedSheep_rate,cross_drone,LF+Rate,baseline,1.0,4,2321,23.22,4.891,56.269,0.3369
4,LiftOff_200,RedSheep_rate,cross_drone,LF+Rate,baseline,1.0,5,2264,22.62,2.306,104.885,0.258
4,LiftOff_200,RedSheep_rate,cross_drone,LF+Rate,baseline,1.5,3,2527,25.26,3.544,58.396,0.2616
4,LiftOff_200,RedSheep_rate,cross_drone,LF+Rate,baseline,1.5,4,2321,23.22,1.302,30.891,0.1663
4,LiftOff_200,RedSheep_rate,cross_drone,LF+Rate,baseline,1.5,5,2264,22.62,3.362,120.227,0.2942
4,LiftOff_200,RedSheep_rate,cross_drone,LF+Rate,no_thr,1.0,3,2527,25.26,4.746,78.707,0.3249
4,LiftOff_200,RedSheep_rate,cross_drone,LF+Rate,no_thr,1.0,4,2321,23.22,1.877,16.318,0.106
4,LiftOff_200,RedSheep_rate,cross_drone,LF+Rate,no_thr,1.0,5,2264,22.62,4.012,96.682,0.2482
4,LiftOff_200,RedSheep_rate,cross_drone,LF+Rate,no_thr,1.5,3,2527,25.26,2.226,8.802,0.0503
4,LiftOff_200,RedSheep_rate,cross_drone,LF+Rate,no_thr,1.5,4,2321,23.22,1.447,10.502,0.0215
4,LiftOff_200,RedSheep_rate,cross_drone,LF+Rate,no_thr,1.5,5,2264,22.62,2.008,7.343,0.0053
4,LiftOff_200,RedSheep_rate,cross_drone,LF+Rate,Thr+R,1.0,3,2527,25.26,90.038,146.127,0.8524
4,LiftOff_200,RedSheep_rate,cross_drone,LF+Rate,Thr+R,1.0,4,2321,23.22,74.279,144.153,0.8458
4,LiftOff_200,RedSheep_rate,cross_drone,LF+Rate,Thr+R,1.0,5,2264,22.62,22.513,112.801,0.5367
4,LiftOff_200,RedSheep_rate,cross_drone,LF+Rate,Thr+R,1.5,3,2527,25.26,61.448,132.37,0.8053
4,LiftOff_200,RedSheep_rate,cross_drone,LF+Rate,Thr+R,1.5,4,2321,23.22,37.95,128.658,0.7049
4,LiftOff_200,RedSheep_rate,cross_drone,LF+Rate,Thr+R,1.5,5,2264,22.62,4.772,47.385,0.3048
4,LiftOff_200,RedSheep_rate,cross_drone,LF+Rate,Y+P+2R,1.0,3,2527,25.26,2.877,40.997,0.144
4,LiftOff_200,RedSheep_rate,cross_drone,LF+Rate,Y+P+2R,1.0,4,2321,23.22,2.936,99.739,0.2805
4,LiftOff_200,RedSheep_rate,cross_drone,LF+Rate,Y+P+2R,1.0,5,2264,22.62,2.684,100.311,0.2279
4,LiftOff_200,RedSheep_rate,cross_drone,LF+Rate,Y+P+2R,1.5,3,2527,25.26,2.183,8.67,0.0408
4,LiftOff_200,RedSheep_rate,cross_drone,LF+Rate,Y+P+2R,1.5,4,2321,23.22,1.678,16.65,0.109
4,LiftOff_200,RedSheep_rate,cross_drone,LF+Rate,Y+P+2R,1.5,5,2264,22.62,2.325,17.079,0.106
4,LiftOff_200,RedSheep_rate,cross_drone,LF+Rate,R+Y_only,1.0,3,2527,25.26,2.579,11.519,0.0451
4,LiftOff_200,RedSheep_rate,cross_drone,LF+Rate,R+Y_only,1.0,4,2321,23.22,1.551,18.547,0.1237
4,LiftOff_200,RedSheep_rate,cross_drone,LF+Rate,R+Y_only,1.0,5,2264,22.62,5.574,131.111,0.4346
4,LiftOff_200,RedSheep_rate,cross_drone,LF+Rate,R+Y_only,1.5,3,2527,25.26,2.29,9.688,0.0376
4,LiftOff_200,RedSheep_rate,cross_drone,LF+Rate,R+Y_only,1.5,4,2321,23.22,1.906,28.1,0.1499
4,LiftOff_200,RedSheep_rate,cross_drone,LF+Rate,R+Y_only,1.5,5,2264,22.62,2.515,48.69,0.1595
4,LiftOff_200,RedSheep_rate,cross_drone,LF+Rate,Thr+P+R,1.0,3,2527,25.26,53.832,124.741,0.702
4,LiftOff_200,RedSheep_rate,cross_drone,LF+Rate,Thr+P+R,1.0,4,2321,23.22,20.486,99.656,0.573
4,LiftOff_200,RedSheep_rate,cross_drone,LF+Rate,Thr+P+R,1.0,5,2264,22.62,2.644,105.34,0.3017
4,LiftOff_200,RedSheep_rate,cross_drone,LF+Rate,Thr+P+R,1.5,3,2527,25.26,14.437,106.706,0.4887
4,LiftOff_200,RedSheep_rate,cross_drone,LF+Rate,Thr+P+R,1.5,4,2321,23.22,5.325,62.02,0.3356
4,LiftOff_200,RedSheep_rate,cross_drone,LF+Rate,Thr+P+R,1.5,5,2264,22.62,2.29,83.722,0.1966
4,LiftOff_200,RedSheep_rate,cross_drone,LF+Rate,Thr+R+Y,1.0,3,2527,25.26,31.478,115.536,0.6098
4,LiftOff_200,RedSheep_rate,cross_drone,LF+Rate,Thr+R+Y,1.0,4,2321,23.22,35.256,116.107,0.6295
4,LiftOff_200,RedSheep_rate,cross_drone,LF+Rate,Thr+R+Y,1.0,5,2264,22.62,3.025,79.226,0.3043
4,LiftOff_200,RedSheep_rate,cross_drone,LF+Rate,Thr+R+Y,1.5,3,2527,25.26,6.057,98.417,0.3376
4,LiftOff_200,RedSheep_rate,cross_drone,LF+Rate,Thr+R+Y,1.5,4,2321,23.22,3.637,38.373,0.2645
4,LiftOff_200,RedSheep_rate,cross_drone,LF+Rate,Thr+R+Y,1.5,5,2264,22.62,2.51,51.14,0.2319
4,LiftOff_200,RedSheep_rate,cross_drone,LF+Rate,soft_thr,1.0,3,2527,25.26,2.117,20.889,0.1092
4,LiftOff_200,RedSheep_rate,cross_drone,LF+Rate,soft_thr,1.0,4,2321,23.22,1.32,25.282,0.1448
4,LiftOff_200,RedSheep_rate,cross_drone,LF+Rate,soft_thr,1.0,5,2264,22.62,1.733,42.349,0.1617
4,LiftOff_200,RedSheep_rate,cross_drone,LF+Rate,soft_thr,1.5,3,2527,25.26,1.963,10.013,0.0277
4,LiftOff_200,RedSheep_rate,cross_drone,LF+Rate,soft_thr,1.5,4,2321,23.22,2.151,141.557,0.293
4,LiftOff_200,RedSheep_rate,cross_drone,LF+Rate,soft_thr,1.5,5,2264,22.62,1.467,7.532,0.0389
4,LiftOff_200,RedSheep_rate,cross_drone,LF+Rate,angular_scaled,1.0,3,2527,25.26,2.361,10.455,0.0542
4,LiftOff_200,RedSheep_rate,cross_drone,LF+Rate,angular_scaled,1.0,4,2321,23.22,1.696,23.032,0.1086
4,LiftOff_200,RedSheep_rate,cross_drone,LF+Rate,angular_scaled,1.0,5,2264,22.62,2.29,18.8,0.1069
4,LiftOff_200,RedSheep_rate,cross_drone,LF+Rate,angular_scaled,1.5,3,2527,25.26,1.964,8.505,0.0095
4,LiftOff_200,RedSheep_rate,cross_drone,LF+Rate,angular_scaled,1.5,4,2321,23.22,1.658,24.688,0.1293
4,LiftOff_200,RedSheep_rate,cross_drone,LF+Rate,angular_scaled,1.5,5,2264,22.62,1.783,7.18,0.0093
4,LiftOff_200,RedSheep_rate,cross_drone,LF+Rate,P+R_only,1.0,3,2527,25.26,6.842,123.319,0.3922
4,LiftOff_200,RedSheep_rate,cross_drone,LF+Rate,P+R_only,1.0,4,2321,23.22,3.396,28.055,0.1486
4,LiftOff_200,RedSheep_rate,cross_drone,LF+Rate,P+R_only,1.0,5,2264,22.62,3.415,65.277,0.1842
4,LiftOff_200,RedSheep_rate,cross_drone,LF+Rate,P+R_only,1.5,3,2527,25.26,5.322,62.172,0.1896
4,LiftOff_200,RedSheep_rate,cross_drone,LF+Rate,P+R_only,1.5,4,2321,23.22,3.303,21.336,0.1551
4,LiftOff_200,RedSheep_rate,cross_drone,LF+Rate,P+R_only,1.5,5,2264,22.62,2.514,10.651,0.03
4,LiftOff_200,RedSheep_rate,cross_drone,RC+Rate,baseline,1.0,3,2514,25.25,22.23,120.458,0.5438
4,LiftOff_200,RedSheep_rate,cross_drone,RC+Rate,baseline,1.0,4,2314,23.21,30.674,139.631,0.6067
4,LiftOff_200,RedSheep_rate,cross_drone,RC+Rate,baseline,1.0,5,2252,22.62,2.354,107.71,0.2722
4,LiftOff_200,RedSheep_rate,cross_drone,RC+Rate,baseline,1.5,3,2514,25.25,4.221,117.517,0.2951
4,LiftOff_200,RedSheep_rate,cross_drone,RC+Rate,baseline,1.5,4,2314,23.21,2.459,27.117,0.1508
4,LiftOff_200,RedSheep_rate,cross_drone,RC+Rate,baseline,1.5,5,2252,22.62,2.054,51.559,0.1372
4,LiftOff_200,RedSheep_rate,cross_drone,RC+Rate,no_thr,1.0,3,2514,25.25,2.271,10.93,0.0728
4,LiftOff_200,RedSheep_rate,cross_drone,RC+Rate,no_thr,1.0,4,2314,23.21,1.674,11.116,0.0562
4,LiftOff_200,RedSheep_rate,cross_drone,RC+Rate,no_thr,1.0,5,2252,22.62,2.941,67.158,0.1958
4,LiftOff_200,RedSheep_rate,cross_drone,RC+Rate,no_thr,1.5,3,2514,25.25,2.455,8.694,0.0549
4,LiftOff_200,RedSheep_rate,cross_drone,RC+Rate,no_thr,1.5,4,2314,23.21,1.615,9.719,0.0337
4,LiftOff_200,RedSheep_rate,cross_drone,RC+Rate,no_thr,1.5,5,2252,22.62,1.912,7.769,0.0391
4,LiftOff_200,RedSheep_rate,cross_drone,RC+Rate,Thr+R,1.0,3,2514,25.25,84.289,126.446,0.7788
4,LiftOff_200,RedSheep_rate,cross_drone,RC+Rate,Thr+R,1.0,4,2314,23.21,58.328,124.637,0.8647
4,LiftOff_200,RedSheep_rate,cross_drone,RC+Rate,Thr+R,1.0,5,2252,22.62,17.104,116.286,0.5169
4,LiftOff_200,RedSheep_rate,cross_drone,RC+Rate,Thr+R,1.5,3,2514,25.25,96.089,126.563,0.9029
4,LiftOff_200,RedSheep_rate,cross_drone,RC+Rate,Thr+R,1.5,4,2314,23.21,28.891,119.252,0.6456
4,LiftOff_200,RedSheep_rate,cross_drone,RC+Rate,Thr+R,1.5,5,2252,22.62,5.311,116.912,0.3854
4,LiftOff_200,RedSheep_rate,cross_drone,RC+Rate,Y+P+2R,1.0,3,2514,25.25,4.171,90.289,0.3186
4,LiftOff_200,RedSheep_rate,cross_drone,RC+Rate,Y+P+2R,1.0,4,2314,23.21,2.153,30.001,0.1746
4,LiftOff_200,RedSheep_rate,cross_drone,RC+Rate,Y+P+2R,1.0,5,2252,22.62,3.774,77.777,0.2393
4,LiftOff_200,RedSheep_rate,cross_drone,RC+Rate,Y+P+2R,1.5,3,2514,25.25,2.172,7.836,0.0434
4,LiftOff_200,RedSheep_rate,cross_drone,RC+Rate,Y+P+2R,1.5,4,2314,23.21,1.815,27.902,0.1876
4,LiftOff_200,RedSheep_rate,cross_drone,RC+Rate,Y+P+2R,1.5,5,2252,22.62,1.93,10.981,0.0719
4,LiftOff_200,RedSheep_rate,cross_drone,RC+Rate,R+Y_only,1.0,3,2514,25.25,2.712,17.586,0.1209
4,LiftOff_200,RedSheep_rate,cross_drone,RC+Rate,R+Y_only,1.0,4,2314,23.21,1.75,89.634,0.2057
4,LiftOff_200,RedSheep_rate,cross_drone,RC+Rate,R+Y_only,1.0,5,2252,22.62,17.852,121.942,0.5049
4,LiftOff_200,RedSheep_rate,cross_drone,RC+Rate,R+Y_only,1.5,3,2514,25.25,2.41,35.339,0.1348
4,LiftOff_200,RedSheep_rate,cross_drone,RC+Rate,R+Y_only,1.5,4,2314,23.21,2.137,39.215,0.1724
4,LiftOff_200,RedSheep_rate,cross_drone,RC+Rate,R+Y_only,1.5,5,2252,22.62,2.412,53.236,0.1745
4,LiftOff_200,RedSheep_rate,cross_drone,RC+Rate,Thr+P+R,1.0,3,2514,25.25,32.242,137.915,0.5943
4,LiftOff_200,RedSheep_rate,cross_drone,RC+Rate,Thr+P+R,1.0,4,2314,23.21,14.897,112.55,0.4978
4,LiftOff_200,RedSheep_rate,cross_drone,RC+Rate,Thr+P+R,1.0,5,2252,22.62,3.871,105.552,0.3321
4,LiftOff_200,RedSheep_rate,cross_drone,RC+Rate,Thr+P+R,1.5,3,2514,25.25,8.8,112.885,0.4133
4,LiftOff_200,RedSheep_rate,cross_drone,RC+Rate,Thr+P+R,1.5,4,2314,23.21,3.416,37.818,0.2394
4,LiftOff_200,RedSheep_rate,cross_drone,RC+Rate,Thr+P+R,1.5,5,2252,22.62,3.51,113.777,0.3255
4,LiftOff_200,RedSheep_rate,cross_drone,RC+Rate,Thr+R+Y,1.0,3,2514,25.25,10.795,138.854,0.4411
4,LiftOff_200,RedSheep_rate,cross_drone,RC+Rate,Thr+R+Y,1.0,4,2314,23.21,33.539,119.054,0.6292
4,LiftOff_200,RedSheep_rate,cross_drone,RC+Rate,Thr+R+Y,1.0,5,2252,22.62,3.551,92.873,0.3468
4,LiftOff_200,RedSheep_rate,cross_drone,RC+Rate,Thr+R+Y,1.5,3,2514,25.25,7.17,99.023,0.3759
4,LiftOff_200,RedSheep_rate,cross_drone,RC+Rate,Thr+R+Y,1.5,4,2314,23.21,4.573,76.433,0.2999
4,LiftOff_200,RedSheep_rate,cross_drone,RC+Rate,Thr+R+Y,1.5,5,2252,22.62,2.125,51.952,0.2078
4,LiftOff_200,RedSheep_rate,cross_drone,RC+Rate,soft_thr,1.0,3,2514,25.25,1.81,9.215,0.0362
4,LiftOff_200,RedSheep_rate,cross_drone,RC+Rate,soft_thr,1.0,4,2314,23.21,1.545,40.006,0.2226
4,LiftOff_200,RedSheep_rate,cross_drone,RC+Rate,soft_thr,1.0,5,2252,22.62,1.893,45.158,0.1807
4,LiftOff_200,RedSheep_rate,cross_drone,RC+Rate,soft_thr,1.5,3,2514,25.25,1.786,8.481,0.0187
4,LiftOff_200,RedSheep_rate,cross_drone,RC+Rate,soft_thr,1.5,4,2314,23.21,1.662,39.944,0.1971
4,LiftOff_200,RedSheep_rate,cross_drone,RC+Rate,soft_thr,1.5,5,2252,22.62,1.593,14.102,0.0928
4,LiftOff_200,RedSheep_rate,cross_drone,RC+Rate,angular_scaled,1.0,3,2514,25.25,2.134,7.764,0.0434
4,LiftOff_200,RedSheep_rate,cross_drone,RC+Rate,angular_scaled,1.0,4,2314,23.21,2.09,19.349,0.1283
4,LiftOff_200,RedSheep_rate,cross_drone,RC+Rate,angular_scaled,1.0,5,2252,22.62,2.314,67.979,0.131
4,LiftOff_200,RedSheep_rate,cross_drone,RC+Rate,angular_scaled,1.5,3,2514,25.25,1.926,7.379,0.0095
4,LiftOff_200,RedSheep_rate,cross_drone,RC+Rate,angular_scaled,1.5,4,2314,23.21,1.665,21.289,0.1262
4,LiftOff_200,RedSheep_rate,cross_drone,RC+Rate,angular_scaled,1.5,5,2252,22.62,1.607,7.457,0.008
4,LiftOff_200,RedSheep_rate,cross_drone,RC+Rate,P+R_only,1.0,3,2514,25.25,7.909,96.982,0.327
4,LiftOff_200,RedSheep_rate,cross_drone,RC+Rate,P+R_only,1.0,4,2314,23.21,3.004,46.072,0.1884
4,LiftOff_200,RedSheep_rate,cross_drone,RC+Rate,P+R_only,1.0,5,2252,22.62,3.815,106.42,0.2504
4,LiftOff_200,RedSheep_rate,cross_drone,RC+Rate,P+R_only,1.5,3,2514,25.25,3.28,18.393,0.1233
4,LiftOff_200,RedSheep_rate,cross_drone,RC+Rate,P+R_only,1.5,4,2314,23.21,3.072,15.84,0.1158
4,LiftOff_200,RedSheep_rate,cross_drone,RC+Rate,P+R_only,1.5,5,2252,22.62,2.558,11.095,0.0671
