flight_id,drone,rate,drone_cond,mode,preset,obs_sigma,n_laps,median_err_m,p90_err_m,jump_rate
1,MadTrainer,Gromozeka_rate,same_drone,LF+Rate,P+R_only,1.0,3,6.598,43.281,0.26
1,MadTrainer,Gromozeka_rate,same_drone,LF+Rate,P+R_only,1.5,3,2.816,20.085,0.129
1,MadTrainer,Gromozeka_rate,same_drone,LF+Rate,R+Y_only,1.0,3,2.07,52.76,0.177
1,MadTrainer,Gromozeka_rate,same_drone,LF+Rate,R+Y_only,1.5,3,1.951,21.407,0.124
1,MadTrainer,Gromozeka_rate,same_drone,LF+Rate,Thr+P+R,1.0,3,2.779,38.82,0.172
1,MadTrainer,Gromozeka_rate,same_drone,LF+Rate,Thr+P+R,1.5,3,1.91,15.125,0.081
1,MadTrainer,Gromozeka_rate,same_drone,LF+Rate,Thr+R,1.0,3,4.147,42.891,0.216
1,MadTrainer,Gromozeka_rate,same_drone,LF+Rate,Thr+R,1.5,3,2.378,28.979,0.134
1,MadTrainer,Gromozeka_rate,same_drone,LF+Rate,Thr+R+Y,1.0,3,2.066,58.469,0.17
1,MadTrainer,Gromozeka_rate,same_drone,LF+Rate,Thr+R+Y,1.5,3,1.377,8.871,0.056
1,MadTrainer,Gromozeka_rate,same_drone,LF+Rate,Y+P+2R,1.0,3,2.085,45.063,0.167
1,MadTrainer,Gromozeka_rate,same_drone,LF+Rate,Y+P+2R,1.5,3,2.038,28.269,0.149
1,MadTrainer,Gromozeka_rate,same_drone,LF+Rate,angular_scaled,1.0,3,1.971,26.427,0.143
1,MadTrainer,Gromozeka_rate,same_drone,LF+Rate,angular_scaled,1.5,3,1.708,16.488,0.086
1,MadTrainer,Gromozeka_rate,same_drone,LF+Rate,baseline,1.0,3,1.564,23.321,0.12
1,MadTrainer,Gromozeka_rate,same_drone,LF+Rate,baseline,1.5,3,1.625,10.946,0.063
1,MadTrainer,Gromozeka_rate,same_drone,LF+Rate,no_thr,1.0,3,2.11,55.957,0.169
1,MadTrainer,Gromozeka_rate,same_drone,LF+Rate,no_thr,1.5,3,1.857,20.904,0.112
1,MadTrainer,Gromozeka_rate,same_drone,LF+Rate,soft_thr,1.0,3,1.895,50.198,0.138
1,MadTrainer,Gromozeka_rate,same_drone,LF+Rate,soft_thr,1.5,3,1.454,14.038,0.075
1,MadTrainer,Gromozeka_rate,same_drone,RC+Rate,P+R_only,1.0,3,2.997,52.257,0.186
1,MadTrainer,Gromozeka_rate,same_drone,RC+Rate,P+R_only,1.5,3,2.53,21.36,0.146
1,MadTrainer,Gromozeka_rate,same_drone,RC+Rate,R+Y_only,1.0,3,2.282,55.802,0.177
1,MadTrainer,Gromozeka_rate,same_drone,RC+Rate,R+Y_only,1.5,3,1.627,15.99,0.086
1,MadTrainer,Gromozeka_rate,same_drone,RC+Rate,Thr+P+R,1.0,3,1.749,32.327,0.105
1,MadTrainer,Gromozeka_rate,same_drone,RC+Rate,Thr+P+R,1.5,3,1.759,19.987,0.089
1,MadTrainer,Gromozeka_rate,same_drone,RC+Rate,Thr+R,1.0,3,7.842,72.76,0.286
1,MadTrainer,Gromozeka_rate,same_drone,RC+Rate,Thr+R,1.5,3,2.032,40.717,0.114
1,MadTrainer,Gromozeka_rate,same_drone,RC+Rate,Thr+R+Y,1.0,3,2.42,47.643,0.188
1,MadTrainer,Gromozeka_rate,same_drone,RC+Rate,Thr+R+Y,1.5,3,1.365,12.141,0.076
1,MadTrainer,Gromozeka_rate,same_drone,RC+Rate,Y+P+2R,1.0,3,2.097,30.754,0.173
1,MadTrainer,Gromozeka_rate,same_drone,RC+Rate,Y+P+2R,1.5,3,1.82,19.841,0.123
1,MadTrainer,Gromozeka_rate,same_drone,RC+Rate,angular_scaled,1.0,3,1.805,21.564,0.118
1,MadTrainer,Gromozeka_rate,same_drone,RC+Rate,angular_scaled,1.5,3,1.544,14.99,0.093
1,MadTrainer,Gromozeka_rate,same_drone,RC+Rate,baseline,1.0,3,1.492,22.655,0.107
1,MadTrainer,Gromozeka_rate,same_drone,RC+Rate,baseline,1.5,3,1.438,10.242,0.06
1,MadTrainer,Gromozeka_rate,same_drone,RC+Rate,no_thr,1.0,3,2.155,20.417,0.136
1,MadTrainer,Gromozeka_rate,same_drone,RC+Rate,no_thr,1.5,3,1.823,21.299,0.112
1,MadTrainer,Gromozeka_rate,same_drone,RC+Rate,soft_thr,1.0,3,1.659,23.468,0.11
1,MadTrainer,Gromozeka_rate,same_drone,RC+Rate,soft_thr,1.5,3,1.572,18.108,0.101
2,MadTrainer,RedSheep_rate,same_drone,LF+Rate,P+R_only,1.0,3,12.996,106.582,0.445
2,MadTrainer,RedSheep_rate,same_drone,LF+Rate,P+R_only,1.5,3,5.796,76.251,0.306
2,MadTrainer,RedSheep_rate,same_drone,LF+Rate,R+Y_only,1.0,3,2.937,62.481,0.222
2,MadTrainer,RedSheep_rate,same_drone,LF+Rate,R+Y_only,1.5,3,1.942,12.074,0.071
2,MadTrainer,RedSheep_rate,same_drone,LF+Rate,Thr+P+R,1.0,3,12.643,101.25,0.472
2,MadTrainer,RedSheep_rate,same_drone,LF+Rate,Thr+P+R,1.5,3,7.038,69.142,0.333
2,MadTrainer,RedSheep_rate,same_drone,LF+Rate,Thr+R,1.0,3,63.232,137.076,0.772
2,MadTrainer,RedSheep_rate,same_drone,LF+Rate,Thr+R,1.5,3,44.312,116.036,0.683
2,MadTrainer,RedSheep_rate,same_drone,LF+Rate,Thr+R+Y,1.0,3,5.082,71.066,0.325
2,MadTrainer,RedSheep_rate,same_drone,LF+Rate,Thr+R+Y,1.5,3,2.43,33.088,0.128
2,MadTrainer,RedSheep_rate,same_drone,LF+Rate,Y+P+2R,1.0,3,7.341,83.548,0.381
2,MadTrainer,RedSheep_rate,same_drone,LF+Rate,Y+P+2R,1.5,3,3.494,35.326,0.185
2,MadTrainer,RedSheep_rate,same_drone,LF+Rate,angular_scaled,1.0,3,6.974,48.051,0.251
2,MadTrainer,RedSheep_rate,same_drone,LF+Rate,angular_scaled,1.5,3,2.135,15.556,0.077
2,MadTrainer,RedSheep_rate,same_drone,LF+Rate,baseline,1.0,3,11.751,86.167,0.369
2,MadTrainer,RedSheep_rate,same_drone,LF+Rate,baseline,1.5,3,2.838,32.862,0.121
2,MadTrainer,RedSheep_rate,same_drone,LF+Rate,no_thr,1.0,3,4.804,60.41,0.268
2,MadTrainer,RedSheep_rate,same_drone,LF+Rate,no_thr,1.5,3,2.907,26.025,0.142
2,MadTrainer,RedSheep_rate,same_drone,LF+Rate,soft_thr,1.0,3,2.254,30.062,0.124
2,MadTrainer,RedSheep_rate,same_drone,LF+Rate,soft_thr,1.5,3,1.933,12.07,0.07
2,MadTrainer,RedSheep_rate,same_drone,RC+Rate,P+R_only,1.0,3,11.586,110.059,0.425
2,MadTrainer,RedSheep_rate,same_drone,RC+Rate,P+R_only,1.5,3,5.429,61.124,0.273
2,MadTrainer,RedSheep_rate,same_drone,RC+Rate,R+Y_only,1.0,3,3.327,74.247,0.215
2,MadTrainer,RedSheep_rate,same_drone,RC+Rate,R+Y_only,1.5,3,1.946,20.679,0.099
2,MadTrainer,RedSheep_rate,same_drone,RC+Rate,Thr+P+R,1.0,3,37.423,107.459,0.593
2,MadTrainer,RedSheep_rate,same_drone,RC+Rate,Thr+P+R,1.5,3,6.904,68.81,0.329
2,MadTrainer,RedSheep_rate,same_drone,RC+Rate,Thr+R,1.0,3,46.77,133.176,0.692
2,MadTrainer,RedSheep_rate,same_drone,RC+Rate,Thr+R,1.5,3,8.351,85.575,0.4
2,MadTrainer,RedSheep_rate,same_drone,RC+Rate,Thr+R+Y,1.0,3,4.296,77.303,0.292
2,MadTrainer,RedSheep_rate,same_drone,RC+Rate,Thr+R+Y,1.5,3,1.741,9.177,0.053
2,MadTrainer,RedSheep_rate,same_drone,RC+Rate,Y+P+2R,1.0,3,4.042,95.647,0.288
2,MadTrainer,RedSheep_rate,same_drone,RC+Rate,Y+P+2R,1.5,3,2.19,24.015,0.131
2,MadTrainer,RedSheep_rate,same_drone,RC+Rate,angular_scaled,1.0,3,3.385,48.503,0.188
2,MadTrainer,RedSheep_rate,same_drone,RC+Rate,angular_scaled,1.5,3,1.944,12.277,0.062
2,MadTrainer,RedSheep_rate,same_drone,RC+Rate,baseline,1.0,3,4.966,74.992,0.282
2,MadTrainer,RedSheep_rate,same_drone,RC+Rate,baseline,1.5,3,2.962,31.688,0.146
2,MadTrainer,RedSheep_rate,same_drone,RC+Rate,no_thr,1.0,3,3.399,59.623,0.207
2,MadTrainer,RedSheep_rate,same_drone,RC+Rate,no_thr,1.5,3,2.96,24.977,0.14
2,MadTrainer,RedSheep_rate,same_drone,RC+Rate,soft_thr,1.0,3,2.967,29.088,0.164
2,MadTrainer,RedSheep_rate,same_drone,RC+Rate,soft_thr,1.5,3,1.897,10.787,0.055
3,LiftOff_200,Gromozeka_rate,cross_drone,LF+Rate,P+R_only,1.0,3,3.429,50.822,0.181
3,LiftOff_200,Gromozeka_rate,cross_drone,LF+Rate,P+R_only,1.5,3,2.536,20.994,0.128
3,LiftOff_200,Gromozeka_rate,cross_drone,LF+Rate,R+Y_only,1.0,3,1.962,58.729,0.223
3,LiftOff_200,Gromozeka_rate,cross_drone,LF+Rate,R+Y_only,1.5,3,1.79,40.237,0.16
3,LiftOff_200,Gromozeka_rate,cross_drone,LF+Rate,Thr+P+R,1.0,3,6.247,112.003,0.341
3,LiftOff_200,Gromozeka_rate,cross_drone,LF+Rate,Thr+P+R,1.5,3,2.032,42.26,0.179
3,LiftOff_200,Gromozeka_rate,cross_drone,LF+Rate,Thr+R,1.0,3,31.523,115.918,0.556
3,LiftOff_200,Gromozeka_rate,cross_drone,LF+Rate,Thr+R,1.5,3,7.722,111.122,0.431
3,LiftOff_200,Gromozeka_rate,cross_drone,LF+Rate,Thr+R+Y,1.0,3,2.451,66.557,0.235
3,LiftOff_200,Gromozeka_rate,cross_drone,LF+Rate,Thr+R+Y,1.5,3,3.259,51.386,0.248
3,LiftOff_200,Gromozeka_rate,cross_drone,LF+Rate,Y+P+2R,1.0,3,1.934,40.003,0.173
3,LiftOff_200,Gromozeka_rate,cross_drone,LF+Rate,Y+P+2R,1.5,3,1.827,17.449,0.108
3,LiftOff_200,Gromozeka_rate,cross_drone,LF+Rate,angular_scaled,1.0,3,1.859,32.318,0.145
3,LiftOff_200,Gromozeka_rate,cross_drone,LF+Rate,angular_scaled,1.5,3,1.639,15.956,0.082
3,LiftOff_200,Gromozeka_rate,cross_drone,LF+Rate,baseline,1.0,3,2.14,45.469,0.172
3,LiftOff_200,Gromozeka_rate,cross_drone,LF+Rate,baseline,1.5,3,1.833,54.27,0.194
3,LiftOff_200,Gromozeka_rate,cross_drone,LF+Rate,no_thr,1.0,3,2.283,56.533,0.194
3,LiftOff_200,Gromozeka_rate,cross_drone,LF+Rate,no_thr,1.5,3,1.906,30.093,0.137
3,LiftOff_200,Gromozeka_rate,cross_drone,LF+Rate,soft_thr,1.0,3,1.589,41.56,0.154
3,LiftOff_200,Gromozeka_rate,cross_drone,LF+Rate,soft_thr,1.5,3,1.408,16.451,0.107
3,LiftOff_200,Gromozeka_rate,cross_drone,RC+Rate,P+R_only,1.0,3,4.054,43.33,0.216
3,LiftOff_200,Gromozeka_rate,cross_drone,RC+Rate,P+R_only,1.5,3,2.937,45.959,0.194
3,LiftOff_200,Gromozeka_rate,cross_drone,RC+Rate,R+Y_only,1.0,3,2.283,88.505,0.245
3,LiftOff_200,Gromozeka_rate,cross_drone,RC+Rate,R+Y_only,1.5,3,1.849,25.055,0.154
3,LiftOff_200,Gromozeka_rate,cross_drone,RC+Rate,Thr+P+R,1.0,3,2.875,51.292,0.204
3,LiftOff_200,Gromozeka_rate,cross_drone,RC+Rate,Thr+P+R,1.5,3,1.986,42.974,0.188
3,LiftOff_200,Gromozeka_rate,cross_drone,RC+Rate,Thr+R,1.0,3,37.038,111.056,0.654
3,LiftOff_200,Gromozeka_rate,cross_drone,RC+Rate,Thr+R,1.5,3,8.604,80.422,0.402
3,LiftOff_200,Gromozeka_rate,cross_drone,RC+Rate,Thr+R+Y,1.0,3,2.17,78.827,0.245
3,LiftOff_200,Gromozeka_rate,cross_drone,RC+Rate,Thr+R+Y,1.5,3,3.82,88.923,0.277
3,LiftOff_200,Gromozeka_rate,cross_drone,RC+Rate,Y+P+2R,1.0,3,2.455,24.672,0.114
3,LiftOff_200,Gromozeka_rate,cross_drone,RC+Rate,Y+P+2R,1.5,3,1.974,20.092,0.126
3,LiftOff_200,Gromozeka_rate,cross_drone,RC+Rate,angular_scaled,1.0,3,2.149,29.474,0.128
3,LiftOff_200,Gromozeka_rate,cross_drone,RC+Rate,angular_scaled,1.5,3,1.802,20.314,0.111
3,LiftOff_200,Gromozeka_rate,cross_drone,RC+Rate,baseline,1.0,3,1.856,44.481,0.181
3,LiftOff_200,Gromozeka_rate,cross_drone,RC+Rate,baseline,1.5,3,1.897,55.055,0.184
3,LiftOff_200,Gromozeka_rate,cross_drone,RC+Rate,no_thr,1.0,3,2.316,34.013,0.138
3,LiftOff_200,Gromozeka_rate,cross_drone,RC+Rate,no_thr,1.5,3,2.15,32.31,0.141
3,LiftOff_200,Gromozeka_rate,cross_drone,RC+Rate,soft_thr,1.0,3,1.462,19.655,0.104
3,LiftOff_200,Gromozeka_rate,cross_drone,RC+Rate,soft_thr,1.5,3,1.478,18.43,0.101
4,LiftOff_200,RedSheep_rate,cross_drone,LF+Rate,P+R_only,1.0,3,4.551,72.217,0.242
4,LiftOff_200,RedSheep_rate,cross_drone,LF+Rate,P+R_only,1.5,3,3.713,31.386,0.125
4,LiftOff_200,RedSheep_rate,cross_drone,LF+Rate,R+Y_only,1.0,3,3.235,53.726,0.201
4,LiftOff_200,RedSheep_rate,cross_drone,LF+Rate,R+Y_only,1.5,3,2.237,28.826,0.116
4,LiftOff_200,RedSheep_rate,cross_drone,LF+Rate,Thr+P+R,1.0,3,25.654,109.912,0.526
4,LiftOff_200,RedSheep_rate,cross_drone,LF+Rate,Thr+P+R,1.5,3,7.351,84.149,0.34
4,LiftOff_200,RedSheep_rate,cross_drone,LF+Rate,Thr+R,1.0,3,62.277,134.36,0.745
4,LiftOff_200,RedSheep_rate,cross_drone,LF+Rate,Thr+R,1.5,3,34.723,102.804,0.605
4,LiftOff_200,RedSheep_rate,cross_drone,LF+Rate,Thr+R+Y,1.0,3,23.253,103.623,0.515
4,LiftOff_200,RedSheep_rate,cross_drone,LF+Rate,Thr+R+Y,1.5,3,4.068,62.643,0.278
4,LiftOff_200,RedSheep_rate,cross_drone,LF+Rate,Y+P+2R,1.0,3,2.832,80.349,0.217
4,LiftOff_200,RedSheep_rate,cross_drone,LF+Rate,Y+P+2R,1.5,3,2.062,14.133,0.085
4,LiftOff_200,RedSheep_rate,cross_drone,LF+Rate,angular_scaled,1.0,3,2.116,17.429,0.09
4,LiftOff_200,RedSheep_rate,cross_drone,LF+Rate,angular_scaled,1.5,3,1.802,13.458,0.049
4,LiftOff_200,RedSheep_rate,cross_drone,LF+Rate,baseline,1.0,3,6.19,87.991,0.358
4,LiftOff_200,RedSheep_rate,cross_drone,LF+Rate,baseline,1.5,3,2.736,69.838,0.241
4,LiftOff_200,RedSheep_rate,cross_drone,LF+Rate,no_thr,1.0,3,3.545,63.902,0.226
4,LiftOff_200,RedSheep_rate,cross_drone,LF+Rate,no_thr,1.5,3,1.894,8.882,0.026
4,LiftOff_200,RedSheep_rate,cross_drone,LF+Rate,soft_thr,1.0,3,1.723,29.507,0.139
4,LiftOff_200,RedSheep_rate,cross_drone,LF+Rate,soft_thr,1.5,3,1.86,53.034,0.12
4,LiftOff_200,RedSheep_rate,cross_drone,RC+Rate,P+R_only,1.0,3,4.909,83.158,0.255
4,LiftOff_200,RedSheep_rate,cross_drone,RC+Rate,P+R_only,1.5,3,2.97,15.109,0.102
4,LiftOff_200,RedSheep_rate,cross_drone,RC+Rate,R+Y_only,1.0,3,7.438,76.387,0.277
4,LiftOff_200,RedSheep_rate,cross_drone,RC+Rate,R+Y_only,1.5,3,2.32,42.597,0.161
4,LiftOff_200,RedSheep_rate,cross_drone,RC+Rate,Thr+P+R,1.0,3,17.003,118.672,0.475
4,LiftOff_200,RedSheep_rate,cross_drone,RC+Rate,Thr+P+R,1.5,3,5.242,88.16,0.326
4,LiftOff_200,RedSheep_rate,cross_drone,RC+Rate,Thr+R,1.0,3,53.24,122.456,0.72
4,LiftOff_200,RedSheep_rate,cross_drone,RC+Rate,Thr+R,1.5,3,43.43,120.909,0.645
4,LiftOff_200,RedSheep_rate,cross_drone,RC+Rate,Thr+R+Y,1.0,3,15.962,116.927,0.472
4,LiftOff_200,RedSheep_rate,cross_drone,RC+Rate,Thr+R+Y,1.5,3,4.623,75.803,0.295
4,LiftOff_200,RedSheep_rate,cross_drone,RC+Rate,Y+P+2R,1.0,3,3.366,66.022,0.244
4,LiftOff_200,RedSheep_rate,cross_drone,RC+Rate,Y+P+2R,1.5,3,1.972,15.573,0.101
4,LiftOff_200,RedSheep_rate,cross_drone,RC+Rate,angular_scaled,1.0,3,2.179,31.697,0.101
4,LiftOff_200,RedSheep_rate,cross_drone,RC+Rate,angular_scaled,1.5,3,1.733,12.042,0.048
4,LiftOff_200,RedSheep_rate,cross_drone,RC+Rate,baseline,1.0,3,18.419,122.6,0.474
4,LiftOff_200,RedSheep_rate,cross_drone,RC+Rate,baseline,1.5,3,2.911,65.398,0.194
4,LiftOff_200,RedSheep_rate,cross_drone,RC+Rate,no_thr,1.0,3,2.295,29.735,0.108
4,LiftOff_200,RedSheep_rate,cross_drone,RC+Rate,no_thr,1.5,3,1.994,8.727,0.043
4,LiftOff_200,RedSheep_rate,cross_drone,RC+Rate,soft_thr,1.0,3,1.749,31.46,0.146
4,LiftOff_200,RedSheep_rate,cross_drone,RC+Rate,soft_thr,1.5,3,1.68,20.842,0.103
