track,test_session,test_drone,condition,test_lap_relative,lap_index_abs,n_frames,duration_s,median_err_m,p90_err_m,jump_rate
track-002,MT_s001,MadTrainer,same_drone,1,1,2604,26.188649892807007,2.2752800221822653,14.785681040951488,0.09907834101382489
track-002,MT_s001,MadTrainer,same_drone,2,2,2466,24.773011922836304,1.37319380310592,5.276993500555827,0.0056772100567721
track-002,MT_s001,MadTrainer,same_drone,3,3,2524,25.354163885116577,1.9250471190829472,7.741104846844038,0.02694136291600634
track-002,MT_s001,MadTrainer,same_drone,4,4,2443,24.53096318244934,1.618771434780598,7.784414919133474,0.04175194433074089
track-002,MT_s003,MadTrainer,same_drone,1,1,2992,30.046236038208008,3.733871755935901,40.259063935711005,0.15842245989304812
track-002,MT_s003,MadTrainer,same_drone,2,2,2771,27.847700834274292,3.2086733431422623,55.56750266415099,0.23204619271021293
track-002,MT_s003,MadTrainer,same_drone,3,3,2835,28.523182153701782,3.060615552645288,98.40323272606665,0.2747795414462081
track-002,MT_s003,MadTrainer,same_drone,4,4,2777,27.967777967453003,1.812297114619895,9.941814582478703,0.020885848037450486
track-002,MT_s003,MadTrainer,same_drone,5,5,2888,28.98906898498535,2.6812081761806006,24.571622167053913,0.12950138504155126
track-002,MT_s003,MadTrainer,same_drone,6,6,2718,27.289001941680908,2.470911388259111,11.326822675428417,0.06033848417954378
track-002,MT_s003,MadTrainer,same_drone,7,7,2760,27.710083961486816,2.1118332703167155,48.6511949818556,0.21231884057971015
track-002,MT_s003,MadTrainer,same_drone,8,8,2585,25.9531888961792,1.6112960151603914,5.567548654799127,0.0
track-002,MT_s003,MadTrainer,same_drone,9,9,2567,25.754998922348022,1.262756818734914,7.89771879742474,0.013245033112582781
track-002,MT_s003,MadTrainer,same_drone,10,10,2549,25.623039960861206,1.6721741534528434,10.927161841699352,0.032561788936837976
track-002,MT_s003,MadTrainer,same_drone,11,11,2703,27.15173602104187,3.2665806851144765,86.33193161027764,0.1864594894561598
track-002,MT_s003,MadTrainer,same_drone,12,12,2401,24.16984510421753,2.0700175652104065,16.926524925073863,0.10620574760516452
track-002,MT_s003,MadTrainer,same_drone,13,13,2633,26.441177129745483,2.2652453519104796,10.028841631310598,0.03873908089631599
track-002,MT_s004,MadTrainer,same_drone,1,1,2472,24.886879920959473,1.6429783016538693,5.788220548503242,0.0
track-002,MT_s004,MadTrainer,same_drone,2,2,2524,25.33614683151245,2.7447798445639293,24.168538644517103,0.13549920760697307
track-002,MT_s004,MadTrainer,same_drone,3,3,2665,26.740379095077515,2.191986672331538,21.037124027131426,0.149718574108818
track-002,MT_s004,MadTrainer,same_drone,4,4,2618,26.25896406173706,1.4442125266820316,5.24802296453727,0.0038197097020626434
track-002,MT_s004,MadTrainer,same_drone,5,5,2530,25.401978969573975,1.8716279421052064,6.385759853676891,0.0071146245059288534
track-002,MT_s004,MadTrainer,same_drone,6,6,2525,25.403844833374023,1.9008430498026563,8.654668985155835,0.0297029702970297
track-002,MT_s004,MadTrainer,same_drone,7,7,2722,27.329137802124023,1.885719455349797,9.937973716922809,0.08706833210874357
track-002,MT_s004,MadTrainer,same_drone,8,8,2312,23.212925910949707,1.348793246346979,9.162798142922734,0.022058823529411766
track-002,MT_s004,MadTrainer,same_drone,9,9,2312,23.21662998199463,1.4007440827174413,13.938700606850878,0.08823529411764706
track-002,MT_s004,MadTrainer,same_drone,10,10,2346,23.52618908882141,2.1448650432828344,7.94936055936914,0.04219948849104859
track-002,MT_s004,MadTrainer,same_drone,11,11,2666,26.786911964416504,2.4729450361706,82.0466611233524,0.15941485371342837
track-002,MT_s004,MadTrainer,same_drone,12,12,2344,23.593735933303833,1.5991680213792847,5.246084599967205,0.0
track-002,MT_s004,MadTrainer,same_drone,13,13,2307,23.15007710456848,1.3116095561595102,6.048349512320676,0.014304291287386216
track-002,MT_s004,MadTrainer,same_drone,14,14,2625,26.3830509185791,2.1683440396139133,12.328160538465537,0.08304761904761905
track-002,MT_s004,MadTrainer,same_drone,15,15,2334,23.44292402267456,1.4769034871083946,7.3938650179140275,0.03513281919451585
track-002,LO_s001,LiftOff_200,cross_drone,1,1,2516,25.26086401939392,1.7972656326579681,5.825605009606159,0.02424483306836248
track-002,LO_s001,LiftOff_200,cross_drone,2,2,2490,25.02094602584839,1.4485279085661702,6.590582872813273,0.0
track-002,LO_s001,LiftOff_200,cross_drone,3,3,2577,25.9479341506958,1.583399948806342,7.86393053899125,0.05199844780752813
track-002,LO_s001,LiftOff_200,cross_drone,4,4,2353,23.624861001968384,1.928858510869503,9.375943505572803,0.07224819379515512
track-002,LO_s001,LiftOff_200,cross_drone,5,5,2443,24.526942014694214,1.4197454675174015,6.07740932420295,0.0
track-002,LO_s001,LiftOff_200,cross_drone,6,6,2345,23.54997706413269,2.015206159623119,6.6426339199367925,0.022601279317697228
track-003,MT_s001,MadTrainer,same_drone,1,2,2399,24.07281994819641,1.7365650965244015,7.879327064562125,0.07253022092538558
track-003,MT_s001,MadTrainer,same_drone,2,3,2509,25.18310308456421,3.2941331961720834,42.605005905157626,0.2303706656038262
track-003,MT_s001,MadTrainer,same_drone,3,4,2379,23.870803833007812,2.3077587366223327,29.369811003030367,0.18789407313997478
track-003,MT_s001,MadTrainer,same_drone,4,5,2395,24.11316990852356,2.172470056006688,57.79189565433823,0.3018789144050104
track-003,MT_s001,MadTrainer,same_drone,5,6,2267,22.73725199699402,1.0404321130604615,8.44797477608794,0.06043228936921041
track-003,MT_s001,MadTrainer,same_drone,6,7,2425,24.351916074752808,2.166894382817091,53.25806014704778,0.177319587628866
track-003,MT_s001,MadTrainer,same_drone,7,8,2294,23.01885485649109,3.1662570122455573,71.50835812825945,0.36006974716652135
track-003,MT_s001,MadTrainer,same_drone,8,9,2449,24.59890604019165,2.160803887737842,47.22691641562113,0.21273989383421804
track-003,MT_s001,MadTrainer,same_drone,9,10,2271,22.80271816253662,1.947898910917985,47.44460987764609,0.1576398062527521
track-003,MT_s002,MadTrainer,same_drone,1,2,2334,23.513516187667847,5.364704869056469,70.30443951109504,0.337617823479006
track-003,MT_s002,MadTrainer,same_drone,2,3,2328,23.386998891830444,2.8131901150719614,74.70671444673607,0.28436426116838487
track-003,MT_s002,MadTrainer,same_drone,3,4,2329,23.402969121932983,3.870047332086571,76.0518929332176,0.339201373980249
track-003,MT_s002,MadTrainer,same_drone,4,5,2215,22.255906105041504,2.594285701139299,61.38957521535456,0.31331828442437926
track-003,MT_s002,MadTrainer,same_drone,5,6,2259,22.67882513999939,2.9494300228467694,58.26697104040244,0.29924745462594066
track-003,MT_s002,MadTrainer,same_drone,6,7,2243,22.518959999084473,4.69609506886961,66.28747164609062,0.40436914846188143
track-003,MT_s002,MadTrainer,same_drone,7,8,2235,22.505472898483276,5.352743340490264,91.53358500869459,0.4080536912751678
track-003,MT_s002,MadTrainer,same_drone,8,9,2229,22.387006044387817,3.454338332985998,61.70135716602436,0.28488111260655
track-003,MT_s002,MadTrainer,same_drone,9,10,2234,22.42889904975891,6.758511559026488,53.897575541929264,0.4368845120859445
track-003,MT_s002,MadTrainer,same_drone,10,11,2199,22.080790996551514,5.649487452327207,70.75113792273585,0.4638472032742155
track-003,MT_s002,MadTrainer,same_drone,11,12,2128,21.384811878204346,1.8305212817469858,58.16060247377449,0.18233082706766918
track-003,MT_s003,MadTrainer,same_drone,1,2,2229,22.434842109680176,1.7394945782935736,11.896023226420473,0.08209959623149395
track-003,MT_s003,MadTrainer,same_drone,2,3,2163,21.75495982170105,2.1585614026589752,35.352626509183025,0.11742949607027277
track-003,MT_s003,MadTrainer,same_drone,3,4,2053,20.615396976470947,1.9753165074845782,12.141244490820899,0.09644422795908426
track-003,MT_s003,MadTrainer,same_drone,4,5,2114,21.216859102249146,1.572248527404355,29.66807120385239,0.1490066225165563
track-003,MT_s003,MadTrainer,same_drone,5,6,2101,21.094048023223877,1.5712695514756945,7.837524361487169,0.04902427415516421
track-003,LO_s001,LiftOff_200,cross_drone,1,2,2135,21.443679809570312,1.757766600010001,6.385970341974483,0.04590163934426229
track-003,LO_s001,LiftOff_200,cross_drone,2,3,2162,21.7217378616333,1.4616736603347489,6.863589779652596,0.0698427382053654
track-003,LO_s001,LiftOff_200,cross_drone,3,4,2277,22.943038940429688,2.322426786202584,27.209646630042705,0.11989459815546773
track-003,LO_s001,LiftOff_200,cross_drone,4,5,2164,21.706779956817627,2.588436755870486,31.881446859514128,0.18160813308687615
track-003,LO_s002,LiftOff_200,cross_drone,1,2,2078,20.852827072143555,1.7586687204266411,30.559343172234406,0.11645813282001925
track-003,LO_s002,LiftOff_200,cross_drone,2,3,2130,21.37496781349182,1.6985210726934952,14.840614393433349,0.09953051643192488
track-003,LO_s002,LiftOff_200,cross_drone,3,4,2067,20.743649005889893,2.457514535232093,24.098745691842836,0.1301402999516207
track-003,LO_s002,LiftOff_200,cross_drone,4,5,2089,21.04868507385254,2.2769366116004903,33.615358570688514,0.22786022020105315
track-003,LO_s002,LiftOff_200,cross_drone,5,6,2163,21.7118239402771,3.603306815378403,47.637734981058095,0.20110957004160887
track-004,MT_s001,MadTrainer,same_drone,1,2,2464,24.73600196838379,1.544382705903658,8.072513201440179,0.04342532467532467
track-004,MT_s001,MadTrainer,same_drone,2,3,2446,24.55680012702942,1.7887786136341575,5.400676060595572,0.017170891251022075
track-004,MT_s001,MadTrainer,same_drone,3,4,2513,25.229079961776733,3.0308200994253696,78.69110901479804,0.24990051730998805
track-004,MT_s001,MadTrainer,same_drone,4,5,2453,24.645817041397095,2.8380683876355874,22.23676243243082,0.11373827965756217
track-004,MT_s002,MadTrainer,same_drone,1,2,2414,24.23090100288391,1.7287267979257805,8.802593910258112,0.050124275062137534
track-004,MT_s002,MadTrainer,same_drone,2,3,2406,24.21588897705078,1.7643269389354828,7.422310150417161,0.056940980881130504
track-004,MT_s003,MadTrainer,same_drone,1,2,2347,23.562101125717163,1.3318547037452362,9.734356466100905,0.09288453344695356
track-004,MT_s003,MadTrainer,same_drone,2,3,2350,23.618802070617676,1.2590561146646273,7.180665241059592,0.07021276595744681
track-004,MT_s003,MadTrainer,same_drone,3,4,2445,24.55002498626709,2.517924794568046,16.388905567687768,0.10797546012269939
track-004,MT_s003,MadTrainer,same_drone,4,5,2324,23.33957600593567,1.3347566430857256,4.840864582387006,0.020654044750430294
track-004,MT_s004,MadTrainer,same_drone,1,2,2277,22.866880893707275,1.1284071923633405,4.729539159700456,0.0
track-004,MT_s004,MadTrainer,same_drone,2,3,2290,23.007908821105957,1.3248807593715561,4.468561207174133,0.0
track-004,MT_s004,MadTrainer,same_drone,3,4,2366,23.807805061340332,1.4262838863544474,5.120303253070048,0.0008453085376162299
track-004,MT_s005,MadTrainer,same_drone,1,2,2219,22.270829916000366,1.0698590359467914,3.3119333272123086,0.0013519603424966202
track-004,MT_s005,MadTrainer,same_drone,2,3,2245,22.552650928497314,1.4425643659898313,10.249171154860461,0.08685968819599109
track-004,MT_s005,MadTrainer,same_drone,3,4,2319,23.287094831466675,1.3356583664688486,5.796837446033375,0.036653730056058646
track-004,MT_s005,MadTrainer,same_drone,4,5,2344,23.546674013137817,1.7147511330361311,21.865733802308235,0.12030716723549488
track-004,MT_s005,MadTrainer,same_drone,5,6,2331,23.395131826400757,1.322059327486869,9.106435128769391,0.08923208923208924
track-004,MT_s005,MadTrainer,same_drone,6,7,2313,23.25068998336792,1.3072424995277316,4.2110123326246045,0.020752269779507133
track-004,MT_s006,MadTrainer,same_drone,1,2,2353,23.6399929523468,1.3010077890371434,5.916764446845777,0.039524011899702505
track-004,MT_s006,MadTrainer,same_drone,2,3,2338,23.50402307510376,1.2619485360055762,5.184962599697113,0.0
track-004,MT_s006,MadTrainer,same_drone,3,4,2225,22.37160301208496,1.222304472741385,4.99875544024872,0.023820224719101123
track-004,MT_s006,MadTrainer,same_drone,4,5,2271,22.82292079925537,1.9485111298648832,40.39552138162631,0.16732716864817263
track-004,MT_s006,MadTrainer,same_drone,5,6,2307,23.175868034362793,1.0683507850152125,3.4162527438927865,0.01517121803207629
track-004,MT_s006,MadTrainer,same_drone,6,7,2232,22.38798189163208,1.5275991135199476,7.350209223187727,0.02867383512544803
