preset,obs_sigma,process_noise_v,drone_cond,p90_err_m,median_err_m,jump_rate,n_laps
angular_scaled,0.5,1.0,cross_drone,91.55668088929166,3.2898458865653244,0.2480691172764695,6
angular_scaled,0.5,1.0,same_drone,76.48023022413635,4.201632924931536,0.27972395530313215,6
angular_scaled,0.5,2.0,cross_drone,85.4104263096774,3.3176070919229574,0.265691150819575,6
angular_scaled,0.5,2.0,same_drone,67.48798023972165,4.5756240209389345,0.26982800118766653,6
angular_scaled,0.5,3.0,cross_drone,92.32124722176718,3.3862601020408447,0.24932112920677074,6
angular_scaled,0.5,3.0,same_drone,72.56572600849579,4.812032377798549,0.2782497286888744,6
angular_scaled,0.5,5.0,cross_drone,82.74556146387054,2.7671449615288783,0.23020607345898225,6
angular_scaled,0.5,5.0,same_drone,67.03937304639584,3.6985954328298885,0.2551248169077095,6
angular_scaled,0.5,8.0,cross_drone,79.4703549030669,2.7350373596521886,0.22003767234417815,6
angular_scaled,0.5,8.0,same_drone,76.63599751140332,3.9695613344833176,0.26596225555148617,6
angular_scaled,1.0,1.0,cross_drone,45.67910292087931,2.8102057288548465,0.16405867293545429,6
angular_scaled,1.0,1.0,same_drone,35.17805316551991,4.020405535791159,0.2006575446836275,6
angular_scaled,1.0,2.0,cross_drone,41.362499945713076,2.0757554885640364,0.1382342901283097,6
angular_scaled,1.0,2.0,same_drone,27.908146872778833,2.301805146358569,0.13932638864649052,6
angular_scaled,1.0,3.0,cross_drone,30.585660095133097,2.1640043768219757,0.11465116382076555,6
angular_scaled,1.0,3.0,same_drone,35.03330123910221,2.5949283149010913,0.15295431244208194,6
angular_scaled,1.0,5.0,cross_drone,15.083627751988606,1.9815894236296299,0.0743713582327515,6
angular_scaled,1.0,5.0,same_drone,16.887765551426448,2.147593022493464,0.09996014907619405,6
angular_scaled,1.0,8.0,cross_drone,13.985857189005722,1.9544004244710382,0.06860119535470666,6
angular_scaled,1.0,8.0,same_drone,14.225317705055081,2.1045444895844656,0.08044617663155161,6
angular_scaled,1.5,1.0,cross_drone,15.251046451246857,2.0450015520912213,0.08748567039490206,6
angular_scaled,1.5,1.0,same_drone,20.00901515354107,2.461114237705869,0.12306087734525793,6
angular_scaled,1.5,2.0,cross_drone,28.2158378628237,1.925911686099959,0.12107906198605335,6
angular_scaled,1.5,2.0,same_drone,28.847504081162622,2.278157738755553,0.1545757797483408,6
angular_scaled,1.5,3.0,cross_drone,16.17804267979803,1.7673163189242491,0.07938075419204825,6
angular_scaled,1.5,3.0,same_drone,13.633620044492757,1.7440062785826147,0.07758382803533398,6
angular_scaled,1.5,5.0,cross_drone,9.55263534678486,1.872553330626457,0.0389490269606227,6
angular_scaled,1.5,5.0,same_drone,11.064687781230267,2.020083397057825,0.06287508578044647,6
angular_scaled,1.5,8.0,cross_drone,8.2527609060339,1.9356872714998612,0.01279766814120327,6
angular_scaled,1.5,8.0,same_drone,9.473748888074374,1.9740912771737402,0.04704838904530823,6
angular_scaled,2.0,1.0,cross_drone,14.96473320672704,2.4313018102092614,0.0691059300266088,6
angular_scaled,2.0,1.0,same_drone,17.66500158092529,2.636828814116449,0.11809079243963803,6
angular_scaled,2.0,2.0,cross_drone,18.593159034377244,1.9218739186040459,0.10525258252305132,6
angular_scaled,2.0,2.0,same_drone,19.086231571573382,2.0532364288303686,0.11127523435152127,6
angular_scaled,2.0,3.0,cross_drone,12.501922223211833,1.7462315992415494,0.0630121971239279,6
angular_scaled,2.0,3.0,same_drone,14.036646432747313,1.7745925984160895,0.08499971787591265,6
angular_scaled,2.0,5.0,cross_drone,10.503897969674805,1.886993710704001,0.04609804470803264,6
angular_scaled,2.0,5.0,same_drone,11.1653569928442,1.790185822149265,0.050198267188915346,6
angular_scaled,2.0,8.0,cross_drone,8.455035531878986,2.0607692463865437,0.02231478476853394,6
angular_scaled,2.0,8.0,same_drone,9.216551808625203,2.0232086843065242,0.03944866786321215,6
angular_scaled,2.5,1.0,cross_drone,13.55726920219906,2.443319344913738,0.0631327452604398,6
angular_scaled,2.5,1.0,same_drone,15.278983524691368,2.48033468587886,0.11248156629805617,6
angular_scaled,2.5,2.0,cross_drone,18.300422159409752,2.099553890604135,0.10557252111658487,6
angular_scaled,2.5,2.0,same_drone,15.952933470319929,1.948774341725435,0.10434055357029515,6
angular_scaled,2.5,3.0,cross_drone,13.556611064230433,1.896159290886158,0.08137081472813586,6
angular_scaled,2.5,3.0,same_drone,13.562443177327678,1.7198039032734258,0.09056141183868412,6
angular_scaled,2.5,5.0,cross_drone,11.425647355773977,1.9410970854789518,0.05502488910841415,6
angular_scaled,2.5,5.0,same_drone,11.996626266490745,2.0007492814961902,0.06694606090858814,6
angular_scaled,2.5,8.0,cross_drone,9.607267418798267,2.2196475014930606,0.039956102171470775,6
angular_scaled,2.5,8.0,same_drone,10.384580053541411,2.2357287378775044,0.04403308654063615,6
angular_scaled,3.0,1.0,cross_drone,16.404565957766305,2.8305016128501017,0.0985836949545744,6
angular_scaled,3.0,1.0,same_drone,14.87024846196197,2.9092559868763654,0.10398930848867298,6
angular_scaled,3.0,2.0,cross_drone,17.99093846672944,2.2638227036897995,0.1094398120947284,6
angular_scaled,3.0,2.0,same_drone,16.566531497938236,2.240648358393448,0.10728865965136448,6
angular_scaled,3.0,3.0,cross_drone,15.145924433042966,2.1255075904034464,0.09164584172050971,6
angular_scaled,3.0,3.0,same_drone,14.288279991997209,1.9562540922877354,0.09567381511287583,6
angular_scaled,3.0,5.0,cross_drone,11.948013960292897,2.1762117011407818,0.06852765469811424,6
angular_scaled,3.0,5.0,same_drone,12.359063125318464,2.164611067642005,0.07767156459303846,6
angular_scaled,3.0,8.0,cross_drone,10.184693935111909,2.517125166181019,0.04635205369891817,6
angular_scaled,3.0,8.0,same_drone,10.727718168592228,2.5502855799474724,0.05298249368134158,6
baseline,0.5,1.0,cross_drone,115.98595576762962,19.006332639685326,0.4781409753103108,6
baseline,0.5,1.0,same_drone,77.81307897795469,9.996865273051965,0.3479421878807649,6
baseline,0.5,2.0,cross_drone,113.65976959598196,14.780310824917557,0.46467985819346525,6
baseline,0.5,2.0,same_drone,91.15767595860405,9.935720006569898,0.32906938081591536,6
baseline,0.5,3.0,cross_drone,124.76279298802494,22.370834972481372,0.48859126264106,6
baseline,0.5,3.0,same_drone,85.35609962276318,9.820326145001035,0.3525970357212418,6
baseline,0.5,5.0,cross_drone,115.58467468339569,18.24578565201081,0.44204100362953685,6
baseline,0.5,5.0,same_drone,88.89687217855733,12.406485329722024,0.35770733187437714,6
baseline,0.5,8.0,cross_drone,108.37629885924743,10.535161555778055,0.42651896762955727,6
baseline,0.5,8.0,same_drone,66.02911955689453,7.0696210437693425,0.29328397423537433,6
baseline,1.0,1.0,cross_drone,92.87070152890362,9.79701147371638,0.3671607627340259,6
baseline,1.0,1.0,same_drone,50.52933103020922,7.850104663679989,0.2737658816080145,6
baseline,1.0,2.0,cross_drone,73.40097819943931,5.213976059492689,0.27068402189253643,6
baseline,1.0,2.0,same_drone,65.512153110026,4.200816525817344,0.24807200993844689,6
baseline,1.0,3.0,cross_drone,83.54037868071873,10.13770335198359,0.32738979818140357,6
baseline,1.0,3.0,same_drone,48.823520592367366,3.229261483733777,0.19451175589545375,6
baseline,1.0,5.0,cross_drone,94.913574771744,4.919134525707251,0.29008446513726277,6
baseline,1.0,5.0,same_drone,47.00352123370917,3.955216815140337,0.18915919592881839,6
baseline,1.0,8.0,cross_drone,57.99648228350875,2.9319311878626793,0.19662336743956488,6
baseline,1.0,8.0,same_drone,41.63642718873616,2.7609325980312476,0.174459721181958,6
baseline,1.5,1.0,cross_drone,96.71367301251901,6.180023177253094,0.31437754060397044,6
baseline,1.5,1.0,same_drone,53.71096308311476,2.956448940565347,0.21705151822987698,6
baseline,1.5,2.0,cross_drone,60.4020113255049,2.3190475259929078,0.21582139128925482,6
baseline,1.5,2.0,same_drone,29.1208364776875,2.397880968599941,0.11241803671002294,6
baseline,1.5,3.0,cross_drone,60.2263615769893,2.403967970514984,0.18920809161761545,6
baseline,1.5,3.0,same_drone,20.96523109015642,2.2003185577933864,0.10297640997739764,6
baseline,1.5,5.0,cross_drone,35.827687857955915,2.224900714193614,0.1627310420735677,6
baseline,1.5,5.0,same_drone,11.321373293529469,1.8786078578908592,0.05805063298146296,6
baseline,1.5,8.0,cross_drone,24.87269344060803,2.229158389577412,0.11940587172059368,6
baseline,1.5,8.0,same_drone,14.67169715343733,2.0131244054612316,0.07771082629866548,6
baseline,2.0,1.0,cross_drone,38.30322131311059,2.5738466624200877,0.18055538840423613,6
baseline,2.0,1.0,same_drone,47.33969024114975,2.650333578114528,0.17286818351456587,6
baseline,2.0,2.0,cross_drone,64.4837157523352,2.1942696362136704,0.19848348834253607,6
baseline,2.0,2.0,same_drone,18.66556100208177,1.9134077096644937,0.11624357998553485,6
baseline,2.0,3.0,cross_drone,27.048772766903436,1.7314711736613002,0.14020574132587577,6
baseline,2.0,3.0,same_drone,13.849521233861338,1.8984003769248463,0.08531841479550073,6
baseline,2.0,5.0,cross_drone,16.53821234289121,1.7592068695925775,0.10795919362303807,6
baseline,2.0,5.0,same_drone,8.827931618363927,1.7773768120381537,0.023291630300978,6
baseline,2.0,8.0,cross_drone,12.711805734247774,1.9438554923741413,0.08005735774133767,6
baseline,2.0,8.0,same_drone,6.912061302343371,1.825564069423196,0.01974233785473079,6
baseline,2.5,1.0,cross_drone,34.235991325790685,2.570160630782096,0.11313852212514065,6
baseline,2.5,1.0,same_drone,19.49481706671108,2.640454087641988,0.11305809805270761,6
baseline,2.5,2.0,cross_drone,26.91409384181786,1.9308706223450673,0.14402292044530926,6
baseline,2.5,2.0,same_drone,15.532991141396613,1.9403140548840934,0.10608259087420692,6
baseline,2.5,3.0,cross_drone,16.281262657299482,1.6126536722167397,0.10214311168155589,6
baseline,2.5,3.0,same_drone,13.307681485606588,1.6930186134339575,0.08409388528860574,6
baseline,2.5,5.0,cross_drone,14.635070078230035,1.819649665505852,0.0933992572633105,6
baseline,2.5,5.0,same_drone,10.64218408618534,1.8667350838816976,0.04137627854668887,6
baseline,2.5,8.0,cross_drone,12.39126246296994,2.01986545813623,0.07091180541199447,6
baseline,2.5,8.0,same_drone,8.835503180999636,1.92517110409619,0.01763914306442562,6
baseline,3.0,1.0,cross_drone,13.064589867559265,2.296728484087892,0.07307650451250237,6
baseline,3.0,1.0,same_drone,20.631302497650847,3.2138705071963756,0.1557188585286751,6
baseline,3.0,2.0,cross_drone,21.423727598661994,1.963302000819862,0.1262456764682842,6
baseline,3.0,2.0,same_drone,15.766530366719131,2.021992865371891,0.10795610059532884,6
baseline,3.0,3.0,cross_drone,17.452353113093686,1.680509478360521,0.11091320992078901,6
baseline,3.0,3.0,same_drone,13.288978048240624,1.7627771182895273,0.08768029571188067,6
baseline,3.0,5.0,cross_drone,14.872630292910754,1.9224918908486188,0.09967000033360192,6
baseline,3.0,5.0,same_drone,11.770752033329876,2.0427347137552547,0.06573991334407302,6
baseline,3.0,8.0,cross_drone,12.895938725606579,2.2224303540268315,0.08186129344675214,6
baseline,3.0,8.0,same_drone,9.823222884407047,2.1565574606291626,0.0327027822746415,6
no_thr,0.5,1.0,cross_drone,104.85725955585553,4.629968138273049,0.327191770080648,6
no_thr,0.5,1.0,same_drone,85.15107180869013,5.68145899146873,0.3177771372909997,6
no_thr,0.5,2.0,cross_drone,99.24458726774269,5.058924199505644,0.33123170676293706,6
no_thr,0.5,2.0,same_drone,87.08095037886282,5.155702108721503,0.31273137510682386,6
no_thr,0.5,3.0,cross_drone,106.44440077968862,4.376849160207006,0.3268451304753258,6
no_thr,0.5,3.0,same_drone,84.73415693596131,7.581203483906137,0.31434257718172826,6
no_thr,0.5,5.0,cross_drone,89.62777668827904,3.820142744524267,0.2700137587897667,6
no_thr,0.5,5.0,same_drone,83.00809606300237,6.298940828345759,0.32416995686135236,6
no_thr,0.5,8.0,cross_drone,97.073959031242,4.438928009810442,0.3035786279654084,6
no_thr,0.5,8.0,same_drone,86.42040130031522,5.362443924806864,0.30334872909519134,6
no_thr,1.0,1.0,cross_drone,45.70960734818186,3.0548113668490657,0.17161692186403932,6
no_thr,1.0,1.0,same_drone,59.151368477514836,3.369976538178945,0.20082839700105884,6
no_thr,1.0,2.0,cross_drone,60.92955199750188,2.411732718941072,0.15175465457301224,6
no_thr,1.0,2.0,same_drone,51.95137097574457,3.5465402668923525,0.2203408904014247,6
no_thr,1.0,3.0,cross_drone,31.873800977457904,2.3057662808009094,0.12322183589028761,6
no_thr,1.0,3.0,same_drone,40.01982740804143,2.7772603234888478,0.17123624609193508,6
no_thr,1.0,5.0,cross_drone,28.304029888459308,2.273960780089061,0.11026223680288845,6
no_thr,1.0,5.0,same_drone,44.083169154787385,3.322215006617069,0.19692841838069178,6
no_thr,1.0,8.0,cross_drone,32.09499699295,2.112520569546369,0.1070650817221579,6
no_thr,1.0,8.0,same_drone,41.679986903647745,2.7940102189243157,0.15295125708020732,6
no_thr,1.5,1.0,cross_drone,33.11499597809864,2.819483461901672,0.12834101180303645,6
no_thr,1.5,1.0,same_drone,51.780229606463756,3.01972139938839,0.16668480240885067,6
no_thr,1.5,2.0,cross_drone,37.378731578741856,2.27385883424263,0.1219835620194044,6
no_thr,1.5,2.0,same_drone,25.61120707160534,2.4703941170344,0.13527165862001136,6
no_thr,1.5,3.0,cross_drone,20.518754524870836,2.0719137074716514,0.09184186417585843,6
no_thr,1.5,3.0,same_drone,23.137788798753746,2.3913525052147278,0.12625121906869716,6
no_thr,1.5,5.0,cross_drone,16.345644122620296,2.034863121159042,0.05778339213635791,6
no_thr,1.5,5.0,same_drone,19.395102285818016,2.332378918235261,0.09104232664630667,6
no_thr,1.5,8.0,cross_drone,16.384418691032824,1.972344616145655,0.04577082267951754,6
no_thr,1.5,8.0,same_drone,13.194192577160893,2.109751231167465,0.07990330421325026,6
no_thr,2.0,1.0,cross_drone,11.807187973920962,2.1025219867767277,0.05401879387366549,6
no_thr,2.0,1.0,same_drone,21.73433332420683,2.4510937716109757,0.11964615617535458,6
no_thr,2.0,2.0,cross_drone,16.564504175452594,1.9622301820728734,0.09814507346769157,6
no_thr,2.0,2.0,same_drone,20.795141625406504,2.041884615167293,0.11972038080717089,6
no_thr,2.0,3.0,cross_drone,10.69616496749198,1.8091462797795248,0.04300705492769166,6
no_thr,2.0,3.0,same_drone,17.276122329903803,2.6010384224374596,0.11343076531978735,6
no_thr,2.0,5.0,cross_drone,8.7045210753183,1.9662635947120126,0.02680044568347179,6
no_thr,2.0,5.0,same_drone,11.200872688791613,1.9786804919722851,0.052393699905948395,6
no_thr,2.0,8.0,cross_drone,7.8257208757671926,2.0361910308394413,0.012360686337964569,6
no_thr,2.0,8.0,same_drone,8.784499685960817,2.0474188644304827,0.032246831767586026,6
no_thr,2.5,1.0,cross_drone,12.682679754905747,2.278610273619718,0.06072904692078992,6
no_thr,2.5,1.0,same_drone,20.956218365652862,2.726033700424851,0.12270541135733333,6
no_thr,2.5,2.0,cross_drone,14.905258263326225,1.84836426300098,0.08990150072168133,6
no_thr,2.5,2.0,same_drone,18.041521647703537,1.9967790183695726,0.11542988313846929,6
no_thr,2.5,3.0,cross_drone,13.87929979569789,1.8527393958206926,0.07779251200400748,6
no_thr,2.5,3.0,same_drone,14.693548926408331,1.7987834275329018,0.09267470119264715,6
no_thr,2.5,5.0,cross_drone,10.566723070829784,1.988122597147677,0.03815616781080356,6
no_thr,2.5,5.0,same_drone,12.150885883099091,1.8593212061602056,0.0615219023105203,6
no_thr,2.5,8.0,cross_drone,8.592083463730093,2.207741739301189,0.023682223475371727,6
no_thr,2.5,8.0,same_drone,10.094226371232557,2.1362837033838598,0.042117552166907095,6
no_thr,3.0,1.0,cross_drone,13.690214443063667,2.4725736454952423,0.07951969044919496,6
no_thr,3.0,1.0,same_drone,17.72168579768569,2.6808265663495376,0.11027325428163022,6
no_thr,3.0,2.0,cross_drone,16.282134706689437,2.0563960247301174,0.09801007822700447,6
no_thr,3.0,2.0,same_drone,16.52233939598814,2.027945053580757,0.10667109048367597,6
no_thr,3.0,3.0,cross_drone,14.01087066678884,1.8841104747482262,0.08386293361119262,6
no_thr,3.0,3.0,same_drone,14.132300297033183,1.7707532112548738,0.09480289226115797,6
no_thr,3.0,5.0,cross_drone,11.309784586689979,2.0852272963335388,0.06189790821808003,6
no_thr,3.0,5.0,same_drone,12.549368965301452,1.960627463580451,0.07747572800612161,6
no_thr,3.0,8.0,cross_drone,9.843548029215729,2.3107488313869147,0.039138866694536305,6
no_thr,3.0,8.0,same_drone,10.55926712781356,2.313634817409541,0.047537637917392815,6
soft_thr,0.5,1.0,cross_drone,93.51141570865013,3.448044693522654,0.2747763574544821,6
soft_thr,0.5,1.0,same_drone,82.42809202159707,6.0518013909022885,0.3068130426284269,6
soft_thr,0.5,2.0,cross_drone,103.36038423116013,5.80941927553526,0.3131456292365868,6
soft_thr,0.5,2.0,same_drone,69.81173077513792,12.026360627842848,0.3313993969025321,6
soft_thr,0.5,3.0,cross_drone,88.96727688918538,4.556035818945781,0.29328386437212517,6
soft_thr,0.5,3.0,same_drone,80.96602086465558,9.309362050841834,0.2914662919933671,6
soft_thr,0.5,5.0,cross_drone,88.37883529860561,3.35066279582576,0.2817144175822372,6
soft_thr,0.5,5.0,same_drone,73.90303889598573,4.571559323751864,0.2833030323811578,6
soft_thr,0.5,8.0,cross_drone,92.29452449135509,3.530335509079144,0.27916020937609554,6
soft_thr,0.5,8.0,same_drone,82.77320909472816,5.838619647254805,0.31482078257367485,6
soft_thr,1.0,1.0,cross_drone,25.529725993413347,1.9595478881690376,0.11866981396436799,6
soft_thr,1.0,1.0,same_drone,29.51394673336898,2.3372573756160624,0.1352826627351941,6
soft_thr,1.0,2.0,cross_drone,39.80956592533292,1.7907802085517783,0.15116858994913165,6
soft_thr,1.0,2.0,same_drone,29.6208847264833,2.037971434485033,0.13031616287923417,6
soft_thr,1.0,3.0,cross_drone,25.55727975752677,1.605660290428806,0.12542531295063186,6
soft_thr,1.0,3.0,same_drone,26.27798474323701,2.313156316903821,0.1368964949561806,6
soft_thr,1.0,5.0,cross_drone,34.62155369992351,1.7812610809714051,0.1478094364275224,6
soft_thr,1.0,5.0,same_drone,29.318436976775825,1.8951783102172692,0.11598710620676043,6
soft_thr,1.0,8.0,cross_drone,26.78576904479827,1.756962125430859,0.09860303415732086,6
soft_thr,1.0,8.0,same_drone,18.28551066115476,1.8486574914332816,0.0900759544451733,6
soft_thr,1.5,1.0,cross_drone,47.41798793096108,3.1484920783097805,0.19881911436436242,6
soft_thr,1.5,1.0,same_drone,35.64788909462416,2.468653223369633,0.15547582296373638,6
soft_thr,1.5,2.0,cross_drone,25.920535599444666,1.648703621253943,0.12757295707260222,6
soft_thr,1.5,2.0,same_drone,17.808824522978558,1.7416598493291235,0.0964999325276441,6
soft_thr,1.5,3.0,cross_drone,19.636067497897603,1.579148732257174,0.10192546054779184,6
soft_thr,1.5,3.0,same_drone,14.447605276928739,1.734937814370376,0.07795783384830125,6
soft_thr,1.5,5.0,cross_drone,18.59226988932974,1.5926928795888227,0.08122639617139626,6
soft_thr,1.5,5.0,same_drone,9.62088452798139,1.575536847611841,0.049317583961131096,6
soft_thr,1.5,8.0,cross_drone,9.655508452669471,1.6560796768794563,0.04307715124057324,6
soft_thr,1.5,8.0,same_drone,7.6765105464784185,1.6528846946299687,0.027121528285537475,6
soft_thr,2.0,1.0,cross_drone,44.81698298582999,3.0573980715345326,0.15666502467294727,6
soft_thr,2.0,1.0,same_drone,32.06734275078037,2.4499725516987994,0.12304220995098658,6
soft_thr,2.0,2.0,cross_drone,19.57261898893451,1.8398680095956355,0.11432098674447255,6
soft_thr,2.0,2.0,same_drone,18.548349597056074,1.7744830822160924,0.10842089242351072,6
soft_thr,2.0,3.0,cross_drone,14.52276721439725,1.554771629238105,0.08149860140382988,6
soft_thr,2.0,3.0,same_drone,12.542113547369588,1.5793544287909917,0.06552112522907573,6
soft_thr,2.0,5.0,cross_drone,12.229409267029615,1.648778353573147,0.059373134158975494,6
soft_thr,2.0,5.0,same_drone,9.855683526823839,1.7226903945114092,0.04579263403797288,6
soft_thr,2.0,8.0,cross_drone,9.660672806338368,1.7397502011518278,0.03732039140833361,6
soft_thr,2.0,8.0,same_drone,7.527280818969359,1.5937020602302645,0.015698650237106218,6
soft_thr,2.5,1.0,cross_drone,13.669377741654372,2.4454127499511706,0.07753109199512208,6
soft_thr,2.5,1.0,same_drone,15.67593060617377,2.5102030780773426,0.1103429083646547,6
soft_thr,2.5,2.0,cross_drone,18.955164359470555,1.961860367423385,0.10957917729004059,6
soft_thr,2.5,2.0,same_drone,15.130022380186007,1.8631350663706445,0.10109707349079929,6
soft_thr,2.5,3.0,cross_drone,13.999604729112804,1.7013253197301104,0.0820799257814933,6
soft_thr,2.5,3.0,same_drone,12.653470380394518,1.6841372406172137,0.08019440475583334,6
soft_thr,2.5,5.0,cross_drone,12.017321013210001,1.7824235721245671,0.06432174637044182,6
soft_thr,2.5,5.0,same_drone,10.715059873771379,1.7847136921494642,0.04526415167950922,6
soft_thr,2.5,8.0,cross_drone,9.746145126564157,1.8909925030655803,0.042366587187224906,6
soft_thr,2.5,8.0,same_drone,8.808214916281209,1.8437128215903273,0.030000075517224615,6
soft_thr,3.0,1.0,cross_drone,13.03363453810006,2.4565724611679762,0.06226728786465657,6
soft_thr,3.0,1.0,same_drone,16.796508107880378,2.6551463763360403,0.11335197048611949,6
soft_thr,3.0,2.0,cross_drone,19.089695228400867,2.261678228372881,0.10866593773614884,6
soft_thr,3.0,2.0,same_drone,15.539387297030595,1.994140018079925,0.1018389360213096,6
soft_thr,3.0,3.0,cross_drone,15.262765653345623,1.849639176364846,0.09031413990449307,6
soft_thr,3.0,3.0,same_drone,13.112795330235294,1.7300191861561391,0.08473708627702649,6
soft_thr,3.0,5.0,cross_drone,12.158013420634616,1.939502135843045,0.07123941063325434,6
soft_thr,3.0,5.0,same_drone,11.578406151814463,1.880662024945001,0.059842514123049945,6
soft_thr,3.0,8.0,cross_drone,10.51029736573029,2.1679901201481293,0.05176176322459854,6
soft_thr,3.0,8.0,same_drone,9.169649574672937,2.2043418469108578,0.03193665454624927,6
