ref_name,ref_drone,ref_rate,flight_id,test_drone,test_rate,drone_cond,rate_cond,condition,preset,lap_index,n_frames,duration_s,median_err_m,p90_err_m,jump_rate
GromFF_1,MadTrainer,Gromozeka_rate,1,MadTrainer,Gromozeka_rate,same_drone,same_rate,same_drone_same_rate,baseline,2,2466,24.773011922836304,1.6903661002161066,6.6023252744837,0.0
GromFF_1,MadTrainer,Gromozeka_rate,1,MadTrainer,Gromozeka_rate,same_drone,same_rate,same_drone_same_rate,baseline,3,2524,25.354163885116577,1.9047697830967891,7.143418921295523,0.006735340729001585
GromFF_1,MadTrainer,Gromozeka_rate,1,MadTrainer,Gromozeka_rate,same_drone,same_rate,same_drone_same_rate,baseline,4,2443,24.53096318244934,0.7585173680291746,3.725864189331719,0.0
GromFF_1,MadTrainer,Gromozeka_rate,1,MadTrainer,Gromozeka_rate,same_drone,same_rate,same_drone_same_rate,angular_scaled,2,2466,24.773011922836304,1.5700689968386676,8.94456645806126,0.05596107055961071
GromFF_1,MadTrainer,Gromozeka_rate,1,MadTrainer,Gromozeka_rate,same_drone,same_rate,same_drone_same_rate,angular_scaled,3,2524,25.354163885116577,2.0725791545632575,12.053021577155699,0.07448494453248812
GromFF_1,MadTrainer,Gromozeka_rate,1,MadTrainer,Gromozeka_rate,same_drone,same_rate,same_drone_same_rate,angular_scaled,4,2443,24.53096318244934,1.21609551344892,7.602513135775756,0.0
GromFF_1,MadTrainer,Gromozeka_rate,1,MadTrainer,Gromozeka_rate,same_drone,same_rate,same_drone_same_rate,no_thr,2,2466,24.773011922836304,1.8950992313320683,8.52252495157909,0.049878345498783457
GromFF_1,MadTrainer,Gromozeka_rate,1,MadTrainer,Gromozeka_rate,same_drone,same_rate,same_drone_same_rate,no_thr,3,2524,25.354163885116577,2.2724697146624173,10.426697388038141,0.00832012678288431
GromFF_1,MadTrainer,Gromozeka_rate,1,MadTrainer,Gromozeka_rate,same_drone,same_rate,same_drone_same_rate,no_thr,4,2443,24.53096318244934,0.9805703846734559,5.326541201586083,0.0
GromFF_1,MadTrainer,Gromozeka_rate,2,MadTrainer,RedSheep_rate,same_drone,cross_rate,same_drone_cross_rate,baseline,3,2509,25.217001914978027,2.100024462412698,8.092985277853257,0.05699481865284974
GromFF_1,MadTrainer,Gromozeka_rate,2,MadTrainer,RedSheep_rate,same_drone,cross_rate,same_drone_cross_rate,baseline,4,2597,26.059934854507446,1.9265914609920287,6.637817177416332,0.02040816326530612
GromFF_1,MadTrainer,Gromozeka_rate,2,MadTrainer,RedSheep_rate,same_drone,cross_rate,same_drone_cross_rate,baseline,5,2477,24.85981011390686,2.5731152417923795,9.269956973679697,0.03431570448122729
GromFF_1,MadTrainer,Gromozeka_rate,2,MadTrainer,RedSheep_rate,same_drone,cross_rate,same_drone_cross_rate,angular_scaled,3,2509,25.217001914978027,2.4955155690851143,8.30238949562295,0.02630530091669988
GromFF_1,MadTrainer,Gromozeka_rate,2,MadTrainer,RedSheep_rate,same_drone,cross_rate,same_drone_cross_rate,angular_scaled,4,2597,26.059934854507446,2.1607341011852697,8.071768953827961,0.016557566422795534
GromFF_1,MadTrainer,Gromozeka_rate,2,MadTrainer,RedSheep_rate,same_drone,cross_rate,same_drone_cross_rate,angular_scaled,5,2477,24.85981011390686,2.6242587707179155,10.32505123130759,0.06338312474767864
GromFF_1,MadTrainer,Gromozeka_rate,2,MadTrainer,RedSheep_rate,same_drone,cross_rate,same_drone_cross_rate,no_thr,3,2509,25.217001914978027,2.4821187965696367,9.032680791869465,0.02869669190912714
GromFF_1,MadTrainer,Gromozeka_rate,2,MadTrainer,RedSheep_rate,same_drone,cross_rate,same_drone_cross_rate,no_thr,4,2597,26.059934854507446,1.9546308364466825,6.823515835444549,0.016557566422795534
GromFF_1,MadTrainer,Gromozeka_rate,2,MadTrainer,RedSheep_rate,same_drone,cross_rate,same_drone_cross_rate,no_thr,5,2477,24.85981011390686,2.6996242228986347,12.575037947247578,0.09002825999192572
GromFF_1,MadTrainer,Gromozeka_rate,3,LiftOff_200,Gromozeka_rate,cross_drone,same_rate,cross_drone_same_rate,baseline,4,2353,23.624861001968384,1.8648000234052517,8.838695650232657,0.03484912877178071
GromFF_1,MadTrainer,Gromozeka_rate,3,LiftOff_200,Gromozeka_rate,cross_drone,same_rate,cross_drone_same_rate,baseline,5,2443,24.526942014694214,1.4399249081568044,12.75656427180766,0.09209987720016373
GromFF_1,MadTrainer,Gromozeka_rate,3,LiftOff_200,Gromozeka_rate,cross_drone,same_rate,cross_drone_same_rate,baseline,6,2345,23.54997706413269,1.9556376788072214,13.85624488506097,0.09125799573560768
GromFF_1,MadTrainer,Gromozeka_rate,3,LiftOff_200,Gromozeka_rate,cross_drone,same_rate,cross_drone_same_rate,angular_scaled,4,2353,23.624861001968384,1.7768055383198487,8.60990671976242,0.020399490012749683
GromFF_1,MadTrainer,Gromozeka_rate,3,LiftOff_200,Gromozeka_rate,cross_drone,same_rate,cross_drone_same_rate,angular_scaled,5,2443,24.526942014694214,1.8244777453055363,8.22021001694621,0.025787965616045846
GromFF_1,MadTrainer,Gromozeka_rate,3,LiftOff_200,Gromozeka_rate,cross_drone,same_rate,cross_drone_same_rate,angular_scaled,6,2345,23.54997706413269,2.1311150653205466,7.621279465416682,0.0
GromFF_1,MadTrainer,Gromozeka_rate,3,LiftOff_200,Gromozeka_rate,cross_drone,same_rate,cross_drone_same_rate,no_thr,4,2353,23.624861001968384,2.038423308377702,10.497985032004024,0.02889927751806205
GromFF_1,MadTrainer,Gromozeka_rate,3,LiftOff_200,Gromozeka_rate,cross_drone,same_rate,cross_drone_same_rate,no_thr,5,2443,24.526942014694214,1.969600369726379,7.0205897752052175,0.020875972165370446
GromFF_1,MadTrainer,Gromozeka_rate,3,LiftOff_200,Gromozeka_rate,cross_drone,same_rate,cross_drone_same_rate,no_thr,6,2345,23.54997706413269,2.1915175810560186,6.853287024003645,0.0
GromFF_1,MadTrainer,Gromozeka_rate,4,LiftOff_200,RedSheep_rate,cross_drone,cross_rate,cross_drone_cross_rate,baseline,3,2514,25.249022006988525,2.8329142293007408,15.804610211337526,0.10859188544152745
GromFF_1,MadTrainer,Gromozeka_rate,4,LiftOff_200,RedSheep_rate,cross_drone,cross_rate,cross_drone_cross_rate,baseline,4,2314,23.20598602294922,1.9692319971300378,15.015249320160569,0.10025929127052723
GromFF_1,MadTrainer,Gromozeka_rate,4,LiftOff_200,RedSheep_rate,cross_drone,cross_rate,cross_drone_cross_rate,baseline,5,2252,22.615839958190918,1.6006241174447915,9.999470066887259,0.05328596802841918
GromFF_1,MadTrainer,Gromozeka_rate,4,LiftOff_200,RedSheep_rate,cross_drone,cross_rate,cross_drone_cross_rate,angular_scaled,3,2514,25.249022006988525,2.5332930898080974,7.883032819069172,0.011535401750198886
GromFF_1,MadTrainer,Gromozeka_rate,4,LiftOff_200,RedSheep_rate,cross_drone,cross_rate,cross_drone_cross_rate,angular_scaled,4,2314,23.20598602294922,2.0771109992476227,11.700503661082625,0.07216940363007779
GromFF_1,MadTrainer,Gromozeka_rate,4,LiftOff_200,RedSheep_rate,cross_drone,cross_rate,cross_drone_cross_rate,angular_scaled,5,2252,22.615839958190918,2.0218130403176104,6.695280508996805,0.003996447602131439
GromFF_1,MadTrainer,Gromozeka_rate,4,LiftOff_200,RedSheep_rate,cross_drone,cross_rate,cross_drone_cross_rate,no_thr,3,2514,25.249022006988525,2.193545107477032,7.209704466172855,0.01392203659506762
GromFF_1,MadTrainer,Gromozeka_rate,4,LiftOff_200,RedSheep_rate,cross_drone,cross_rate,cross_drone_cross_rate,no_thr,4,2314,23.20598602294922,1.9378494829607966,7.891904491504597,0.006914433880726016
GromFF_1,MadTrainer,Gromozeka_rate,4,LiftOff_200,RedSheep_rate,cross_drone,cross_rate,cross_drone_cross_rate,no_thr,5,2252,22.615839958190918,1.8862103354387187,7.480854465712813,0.003552397868561279
LiftOff200_Grom_1,LiftOff_200,Gromozeka_rate,1,MadTrainer,Gromozeka_rate,cross_drone,same_rate,cross_drone_same_rate,baseline,2,2466,24.773011922836304,2.639931631368782,20.452501611496075,0.16707218167072183
LiftOff200_Grom_1,LiftOff_200,Gromozeka_rate,1,MadTrainer,Gromozeka_rate,cross_drone,same_rate,cross_drone_same_rate,baseline,3,2524,25.354163885116577,4.376623221426328,145.57090053949645,0.28961965134706813
LiftOff200_Grom_1,LiftOff_200,Gromozeka_rate,1,MadTrainer,Gromozeka_rate,cross_drone,same_rate,cross_drone_same_rate,baseline,4,2443,24.53096318244934,2.9183198634965493,25.00907560710125,0.2054850593532542
LiftOff200_Grom_1,LiftOff_200,Gromozeka_rate,1,MadTrainer,Gromozeka_rate,cross_drone,same_rate,cross_drone_same_rate,angular_scaled,2,2466,24.773011922836304,2.356965534785523,25.230856309512845,0.18694241686942417
LiftOff200_Grom_1,LiftOff_200,Gromozeka_rate,1,MadTrainer,Gromozeka_rate,cross_drone,same_rate,cross_drone_same_rate,angular_scaled,3,2524,25.354163885116577,2.8481861293162893,17.58503809195289,0.15887480190174327
LiftOff200_Grom_1,LiftOff_200,Gromozeka_rate,1,MadTrainer,Gromozeka_rate,cross_drone,same_rate,cross_drone_same_rate,angular_scaled,4,2443,24.53096318244934,2.0640673491497807,15.958786859745363,0.10110519852640197
LiftOff200_Grom_1,LiftOff_200,Gromozeka_rate,1,MadTrainer,Gromozeka_rate,cross_drone,same_rate,cross_drone_same_rate,no_thr,2,2466,24.773011922836304,2.4264033960181735,25.236710363280253,0.18937550689375507
LiftOff200_Grom_1,LiftOff_200,Gromozeka_rate,1,MadTrainer,Gromozeka_rate,cross_drone,same_rate,cross_drone_same_rate,no_thr,3,2524,25.354163885116577,2.8274887961071578,12.225015412967808,0.08478605388272584
LiftOff200_Grom_1,LiftOff_200,Gromozeka_rate,1,MadTrainer,Gromozeka_rate,cross_drone,same_rate,cross_drone_same_rate,no_thr,4,2443,24.53096318244934,2.8399428670633142,25.871929754511804,0.15063446582071224
LiftOff200_Grom_1,LiftOff_200,Gromozeka_rate,2,MadTrainer,RedSheep_rate,cross_drone,cross_rate,cross_drone_cross_rate,baseline,3,2509,25.217001914978027,4.258477638461045,43.7006974215203,0.21203666799521723
LiftOff200_Grom_1,LiftOff_200,Gromozeka_rate,2,MadTrainer,RedSheep_rate,cross_drone,cross_rate,cross_drone_cross_rate,baseline,4,2597,26.059934854507446,2.7214487570655876,40.74072671382433,0.2764728532922603
LiftOff200_Grom_1,LiftOff_200,Gromozeka_rate,2,MadTrainer,RedSheep_rate,cross_drone,cross_rate,cross_drone_cross_rate,baseline,5,2477,24.85981011390686,4.492655856093204,67.11469324609666,0.2692773516350424
LiftOff200_Grom_1,LiftOff_200,Gromozeka_rate,2,MadTrainer,RedSheep_rate,cross_drone,cross_rate,cross_drone_cross_rate,angular_scaled,3,2509,25.217001914978027,2.180454542357424,13.816097777921541,0.09166998804304503
LiftOff200_Grom_1,LiftOff_200,Gromozeka_rate,2,MadTrainer,RedSheep_rate,cross_drone,cross_rate,cross_drone_cross_rate,angular_scaled,4,2597,26.059934854507446,2.510737572669683,16.674718283706905,0.10935695032730074
LiftOff200_Grom_1,LiftOff_200,Gromozeka_rate,2,MadTrainer,RedSheep_rate,cross_drone,cross_rate,cross_drone_cross_rate,angular_scaled,5,2477,24.85981011390686,3.0963634281693544,21.035198391821194,0.1869196608800969
LiftOff200_Grom_1,LiftOff_200,Gromozeka_rate,2,MadTrainer,RedSheep_rate,cross_drone,cross_rate,cross_drone_cross_rate,no_thr,3,2509,25.217001914978027,3.283513811779187,87.48671208540004,0.20844958150657633
LiftOff200_Grom_1,LiftOff_200,Gromozeka_rate,2,MadTrainer,RedSheep_rate,cross_drone,cross_rate,cross_drone_cross_rate,no_thr,4,2597,26.059934854507446,2.597397487517526,29.944001491300117,0.12591451675009627
LiftOff200_Grom_1,LiftOff_200,Gromozeka_rate,2,MadTrainer,RedSheep_rate,cross_drone,cross_rate,cross_drone_cross_rate,no_thr,5,2477,24.85981011390686,4.054324078959269,50.19355027549788,0.2797739200645943
LiftOff200_Grom_1,LiftOff_200,Gromozeka_rate,3,LiftOff_200,Gromozeka_rate,same_drone,same_rate,same_drone_same_rate,baseline,4,2353,23.624861001968384,2.423066316616058,12.353427312736892,0.07904802379940501
LiftOff200_Grom_1,LiftOff_200,Gromozeka_rate,3,LiftOff_200,Gromozeka_rate,same_drone,same_rate,same_drone_same_rate,baseline,5,2443,24.526942014694214,1.4607052224129404,17.244529146773353,0.11174785100286533
LiftOff200_Grom_1,LiftOff_200,Gromozeka_rate,3,LiftOff_200,Gromozeka_rate,same_drone,same_rate,same_drone_same_rate,baseline,6,2345,23.54997706413269,2.4713308101043197,10.842824844180859,0.07633262260127932
LiftOff200_Grom_1,LiftOff_200,Gromozeka_rate,3,LiftOff_200,Gromozeka_rate,same_drone,same_rate,same_drone_same_rate,angular_scaled,4,2353,23.624861001968384,2.382405105620208,18.157865760881208,0.1576710582235444
LiftOff200_Grom_1,LiftOff_200,Gromozeka_rate,3,LiftOff_200,Gromozeka_rate,same_drone,same_rate,same_drone_same_rate,angular_scaled,5,2443,24.526942014694214,1.5527827314552383,16.130521002645526,0.10642652476463364
LiftOff200_Grom_1,LiftOff_200,Gromozeka_rate,3,LiftOff_200,Gromozeka_rate,same_drone,same_rate,same_drone_same_rate,angular_scaled,6,2345,23.54997706413269,2.6730308683185626,13.609901797511126,0.09893390191897655
LiftOff200_Grom_1,LiftOff_200,Gromozeka_rate,3,LiftOff_200,Gromozeka_rate,same_drone,same_rate,same_drone_same_rate,no_thr,4,2353,23.624861001968384,2.4622392513281,32.62907889349787,0.27879303017424567
LiftOff200_Grom_1,LiftOff_200,Gromozeka_rate,3,LiftOff_200,Gromozeka_rate,same_drone,same_rate,same_drone_same_rate,no_thr,5,2443,24.526942014694214,1.4310882863044299,15.735231746200192,0.11133851821530905
LiftOff200_Grom_1,LiftOff_200,Gromozeka_rate,3,LiftOff_200,Gromozeka_rate,same_drone,same_rate,same_drone_same_rate,no_thr,6,2345,23.54997706413269,2.585437949526437,9.307379339046735,0.0767590618336887
LiftOff200_Grom_1,LiftOff_200,Gromozeka_rate,4,LiftOff_200,RedSheep_rate,same_drone,cross_rate,same_drone_cross_rate,baseline,3,2514,25.249022006988525,2.420554622151725,9.807152731704788,0.07080350039777247
LiftOff200_Grom_1,LiftOff_200,Gromozeka_rate,4,LiftOff_200,RedSheep_rate,same_drone,cross_rate,same_drone_cross_rate,baseline,4,2314,23.20598602294922,1.8269023247639353,19.276481760510734,0.12662057044079517
LiftOff200_Grom_1,LiftOff_200,Gromozeka_rate,4,LiftOff_200,RedSheep_rate,same_drone,cross_rate,same_drone_cross_rate,baseline,5,2252,22.615839958190918,1.7671666712312302,10.606882923520212,0.08658969804618118
LiftOff200_Grom_1,LiftOff_200,Gromozeka_rate,4,LiftOff_200,RedSheep_rate,same_drone,cross_rate,same_drone_cross_rate,angular_scaled,3,2514,25.249022006988525,2.2743561983755285,9.633840037477741,0.07438345266507558
LiftOff200_Grom_1,LiftOff_200,Gromozeka_rate,4,LiftOff_200,RedSheep_rate,same_drone,cross_rate,same_drone_cross_rate,angular_scaled,4,2314,23.20598602294922,2.0403374315300056,16.07373841577696,0.10760587726879861
LiftOff200_Grom_1,LiftOff_200,Gromozeka_rate,4,LiftOff_200,RedSheep_rate,same_drone,cross_rate,same_drone_cross_rate,angular_scaled,5,2252,22.615839958190918,1.6220116105975038,7.534299229897658,0.08570159857904085
LiftOff200_Grom_1,LiftOff_200,Gromozeka_rate,4,LiftOff_200,RedSheep_rate,same_drone,cross_rate,same_drone_cross_rate,no_thr,3,2514,25.249022006988525,2.910942766561462,24.03173058380693,0.1435958631662689
LiftOff200_Grom_1,LiftOff_200,Gromozeka_rate,4,LiftOff_200,RedSheep_rate,same_drone,cross_rate,same_drone_cross_rate,no_thr,4,2314,23.20598602294922,2.3447854292711128,35.497909825123415,0.2139152981849611
LiftOff200_Grom_1,LiftOff_200,Gromozeka_rate,4,LiftOff_200,RedSheep_rate,same_drone,cross_rate,same_drone_cross_rate,no_thr,5,2252,22.615839958190918,1.7702324049275973,8.181714050994959,0.06927175843694494
LiftOff200_Red_1,LiftOff_200,RedSheep_rate,1,MadTrainer,Gromozeka_rate,cross_drone,cross_rate,cross_drone_cross_rate,baseline,2,2466,24.773011922836304,5.785546204956487,143.89438100070683,0.28872668288726683
LiftOff200_Red_1,LiftOff_200,RedSheep_rate,1,MadTrainer,Gromozeka_rate,cross_drone,cross_rate,cross_drone_cross_rate,baseline,3,2524,25.354163885116577,4.312799790860481,106.24381765236268,0.2115689381933439
LiftOff200_Red_1,LiftOff_200,RedSheep_rate,1,MadTrainer,Gromozeka_rate,cross_drone,cross_rate,cross_drone_cross_rate,baseline,4,2443,24.53096318244934,9.007246833613209,60.3279081971398,0.4130167826442898
LiftOff200_Red_1,LiftOff_200,RedSheep_rate,1,MadTrainer,Gromozeka_rate,cross_drone,cross_rate,cross_drone_cross_rate,angular_scaled,2,2466,24.773011922836304,1.7989689462669034,8.335585890580704,0.014598540145985401
LiftOff200_Red_1,LiftOff_200,RedSheep_rate,1,MadTrainer,Gromozeka_rate,cross_drone,cross_rate,cross_drone_cross_rate,angular_scaled,3,2524,25.354163885116577,1.8783037697589293,6.815850811576932,0.000792393026941363
LiftOff200_Red_1,LiftOff_200,RedSheep_rate,1,MadTrainer,Gromozeka_rate,cross_drone,cross_rate,cross_drone_cross_rate,angular_scaled,4,2443,24.53096318244934,2.321792968586962,13.990406415878052,0.0855505525992632
LiftOff200_Red_1,LiftOff_200,RedSheep_rate,1,MadTrainer,Gromozeka_rate,cross_drone,cross_rate,cross_drone_cross_rate,no_thr,2,2466,24.773011922836304,1.6159971528684451,8.368990012092036,0.01824817518248175
LiftOff200_Red_1,LiftOff_200,RedSheep_rate,1,MadTrainer,Gromozeka_rate,cross_drone,cross_rate,cross_drone_cross_rate,no_thr,3,2524,25.354163885116577,1.8496988652437523,7.31174879563468,0.02694136291600634
LiftOff200_Red_1,LiftOff_200,RedSheep_rate,1,MadTrainer,Gromozeka_rate,cross_drone,cross_rate,cross_drone_cross_rate,no_thr,4,2443,24.53096318244934,3.2832913743202425,79.32719278792045,0.23618501841997544
LiftOff200_Red_1,LiftOff_200,RedSheep_rate,2,MadTrainer,RedSheep_rate,cross_drone,same_rate,cross_drone_same_rate,baseline,3,2509,25.217001914978027,2.334454130702511,10.0997882035794,0.06058190514149064
LiftOff200_Red_1,LiftOff_200,RedSheep_rate,2,MadTrainer,RedSheep_rate,cross_drone,same_rate,cross_drone_same_rate,baseline,4,2597,26.059934854507446,2.852985856973902,14.467608503060516,0.09819021948402003
LiftOff200_Red_1,LiftOff_200,RedSheep_rate,2,MadTrainer,RedSheep_rate,cross_drone,same_rate,cross_drone_same_rate,baseline,5,2477,24.85981011390686,5.161207677126555,28.291043062649656,0.1505853855470327
LiftOff200_Red_1,LiftOff_200,RedSheep_rate,2,MadTrainer,RedSheep_rate,cross_drone,same_rate,cross_drone_same_rate,angular_scaled,3,2509,25.217001914978027,1.5983434920283912,7.027859952466273,0.0
LiftOff200_Red_1,LiftOff_200,RedSheep_rate,2,MadTrainer,RedSheep_rate,cross_drone,same_rate,cross_drone_same_rate,angular_scaled,4,2597,26.059934854507446,1.7168518428704402,7.768635432550965,0.018867924528301886
LiftOff200_Red_1,LiftOff_200,RedSheep_rate,2,MadTrainer,RedSheep_rate,cross_drone,same_rate,cross_drone_same_rate,angular_scaled,5,2477,24.85981011390686,2.080271736597709,11.503449549929833,0.05329027048849415
LiftOff200_Red_1,LiftOff_200,RedSheep_rate,2,MadTrainer,RedSheep_rate,cross_drone,same_rate,cross_drone_same_rate,no_thr,3,2509,25.217001914978027,1.346978925816245,6.6940108491873245,0.0
LiftOff200_Red_1,LiftOff_200,RedSheep_rate,2,MadTrainer,RedSheep_rate,cross_drone,same_rate,cross_drone_same_rate,no_thr,4,2597,26.059934854507446,1.4212213708858172,7.656282515773677,0.029264536003080478
LiftOff200_Red_1,LiftOff_200,RedSheep_rate,2,MadTrainer,RedSheep_rate,cross_drone,same_rate,cross_drone_same_rate,no_thr,5,2477,24.85981011390686,2.66261325961511,20.311562655734203,0.11586596689543803
LiftOff200_Red_1,LiftOff_200,RedSheep_rate,3,LiftOff_200,Gromozeka_rate,same_drone,cross_rate,same_drone_cross_rate,baseline,4,2353,23.624861001968384,1.886665917346761,7.3865853139575846,0.029324266893327667
LiftOff200_Red_1,LiftOff_200,RedSheep_rate,3,LiftOff_200,Gromozeka_rate,same_drone,cross_rate,same_drone_cross_rate,baseline,5,2443,24.526942014694214,1.209545819068353,6.717719037841843,0.025378632828489563
LiftOff200_Red_1,LiftOff_200,RedSheep_rate,3,LiftOff_200,Gromozeka_rate,same_drone,cross_rate,same_drone_cross_rate,baseline,6,2345,23.54997706413269,1.9203799073172263,16.240170851917608,0.1091684434968017
LiftOff200_Red_1,LiftOff_200,RedSheep_rate,3,LiftOff_200,Gromozeka_rate,same_drone,cross_rate,same_drone_cross_rate,angular_scaled,4,2353,23.624861001968384,1.8869041669293551,9.163448699666494,0.009349766255843604
LiftOff200_Red_1,LiftOff_200,RedSheep_rate,3,LiftOff_200,Gromozeka_rate,same_drone,cross_rate,same_drone_cross_rate,angular_scaled,5,2443,24.526942014694214,1.4753767062660472,10.1762619939236,0.044207941056078594
LiftOff200_Red_1,LiftOff_200,RedSheep_rate,3,LiftOff_200,Gromozeka_rate,same_drone,cross_rate,same_drone_cross_rate,angular_scaled,6,2345,23.54997706413269,2.040611222701017,11.701446496555786,0.06695095948827293
LiftOff200_Red_1,LiftOff_200,RedSheep_rate,3,LiftOff_200,Gromozeka_rate,same_drone,cross_rate,same_drone_cross_rate,no_thr,4,2353,23.624861001968384,2.454295032591247,11.92388190993892,0.0764980875478113
LiftOff200_Red_1,LiftOff_200,RedSheep_rate,3,LiftOff_200,Gromozeka_rate,same_drone,cross_rate,same_drone_cross_rate,no_thr,5,2443,24.526942014694214,1.7342624984819324,13.113537701914039,0.06426524764633647
LiftOff200_Red_1,LiftOff_200,RedSheep_rate,3,LiftOff_200,Gromozeka_rate,same_drone,cross_rate,same_drone_cross_rate,no_thr,6,2345,23.54997706413269,4.449171538705457,76.9215627967557,0.2302771855010661
LiftOff200_Red_1,LiftOff_200,RedSheep_rate,4,LiftOff_200,RedSheep_rate,same_drone,same_rate,same_drone_same_rate,baseline,3,2514,25.249022006988525,1.5408500263255718,8.57207073245362,0.0147175815433572
LiftOff200_Red_1,LiftOff_200,RedSheep_rate,4,LiftOff_200,RedSheep_rate,same_drone,same_rate,same_drone_same_rate,baseline,4,2314,23.20598602294922,1.2254127284940566,9.042134885498774,0.07519446845289542
LiftOff200_Red_1,LiftOff_200,RedSheep_rate,4,LiftOff_200,RedSheep_rate,same_drone,same_rate,same_drone_same_rate,baseline,5,2252,22.615839958190918,1.6922437109365518,5.453974331819152,0.004884547069271759
LiftOff200_Red_1,LiftOff_200,RedSheep_rate,4,LiftOff_200,RedSheep_rate,same_drone,same_rate,same_drone_same_rate,angular_scaled,3,2514,25.249022006988525,2.2504510995319222,7.552052623402061,0.0
LiftOff200_Red_1,LiftOff_200,RedSheep_rate,4,LiftOff_200,RedSheep_rate,same_drone,same_rate,same_drone_same_rate,angular_scaled,4,2314,23.20598602294922,1.7652974416160276,10.093936075376766,0.029386343993085567
LiftOff200_Red_1,LiftOff_200,RedSheep_rate,4,LiftOff_200,RedSheep_rate,same_drone,same_rate,same_drone_same_rate,angular_scaled,5,2252,22.615839958190918,1.6411175330597843,6.994179576878948,0.0017761989342806395
LiftOff200_Red_1,LiftOff_200,RedSheep_rate,4,LiftOff_200,RedSheep_rate,same_drone,same_rate,same_drone_same_rate,no_thr,3,2514,25.249022006988525,2.38833621788028,9.326881049544523,0.05250596658711217
LiftOff200_Red_1,LiftOff_200,RedSheep_rate,4,LiftOff_200,RedSheep_rate,same_drone,same_rate,same_drone_same_rate,no_thr,4,2314,23.20598602294922,2.1776806028546503,11.90963703426329,0.06611927398444252
LiftOff200_Red_1,LiftOff_200,RedSheep_rate,4,LiftOff_200,RedSheep_rate,same_drone,same_rate,same_drone_same_rate,no_thr,5,2252,22.615839958190918,1.9515759592340416,8.313945920525594,0.024422735346358793
